{
    "lstm": {
        "name": "LSTM Network",
        "metrics": {
            "mse": 22933.302323290252,
            "rmse": 151.43745350239567,
            "mae": 150.9236304812961,
            "mape": 37.96495092733613,
            "r2": -146.63538918917902
        },
        "training_time": 41.692023277282715,
        "val_loss": 22933.30078125,
        "train_loss": 934.4212036132812,
        "is_dl_model": true,
        "model_path": "models\\GLAXO\\lstm_model.keras"
    },
    "bilstm": {
        "name": "Bidirectional LSTM",
        "metrics": {
            "mse": 153760.00006685985,
            "rmse": 392.12242994613285,
            "mae": 391.9229731546508,
            "mape": 98.74754563069301,
            "r2": -988.8451226775703
        },
        "training_time": 18.256617784500122,
        "val_loss": 69535.3203125,
        "train_loss": 4968.5029296875,
        "is_dl_model": true,
        "model_path": "models\\GLAXO\\bilstm_model.keras"
    },
    "gru": {
        "name": "GRU Network",
        "metrics": {
            "mse": 154608.23683846428,
            "rmse": 393.2025392065319,
            "mae": 393.00387176738843,
            "mape": 99.0202243495696,
            "r2": -994.3057303185908
        },
        "training_time": 13.741273880004883,
        "val_loss": 85616.875,
        "train_loss": 5959.2939453125,
        "is_dl_model": true,
        "model_path": "models\\GLAXO\\gru_model.keras"
    },
    "cnn_lstm": {
        "name": "CNN-LSTM Hybrid",
        "metrics": {
            "mse": 154166.81161304153,
            "rmse": 392.64081755854363,
            "mae": 392.4416046857834,
            "mape": 98.87834505811219,
            "r2": -991.4640120159011
        },
        "training_time": 9.766817569732666,
        "val_loss": 79483.4453125,
        "train_loss": 5615.1455078125,
        "is_dl_model": true,
        "model_path": "models\\GLAXO\\cnn_lstm_model.keras"
    },
    "advanced": {
        "name": "Advanced Multi-Branch Model",
        "metrics": {
            "mse": 154665.45509798644,
            "rmse": 393.2752917461081,
            "mae": 393.0731675479147,
            "mape": 99.0368786610934,
            "r2": -994.6740784916623
        },
        "training_time": 31.80117917060852,
        "val_loss": 109038.875,
        "train_loss": 19281.212890625,
        "is_dl_model": true,
        "model_path": "models\\GLAXO\\advanced_model.keras"
    },
    "random_forest": {
        "name": "Random Forest",
        "metrics": {
            "mse": 3428.192565759693,
            "rmse": 58.55076913038541,
            "mae": 55.4978527777775,
            "mape": 13.88074098855088,
            "r2": -21.069326803727797
        },
        "training_time": 20.08289670944214,
        "val_loss": null,
        "train_loss": null,
        "is_dl_model": false,
        "model_path": "models\\GLAXO\\random_forest_model.pkl"
    },
    "gradient_boosting": {
        "name": "Gradient Boosting",
        "metrics": {
            "mse": 3621.116402527727,
            "rmse": 60.175712729702894,
            "mae": 56.826123847142526,
            "mape": 14.218711531896277,
            "r2": -22.311292976920072
        },
        "training_time": 20.106175899505615,
        "val_loss": null,
        "train_loss": null,
        "is_dl_model": false,
        "model_path": "models\\GLAXO\\gradient_boosting_model.pkl"
    },
    "xgboost": {
        "name": "XGBoost",
        "metrics": {
            "mse": 1972.0614151483433,
            "rmse": 44.40789811675783,
            "mae": 42.08288201226128,
            "mape": 10.508741243550622,
            "r2": -11.695339311631153
        },
        "training_time": 4.310211181640625,
        "val_loss": null,
        "train_loss": null,
        "is_dl_model": false,
        "model_path": "models\\GLAXO\\xgboost_model.pkl"
    },
    "lightgbm": {
        "name": "LightGBM",
        "metrics": {
            "mse": 5482.185522272006,
            "rmse": 74.0417822737406,
            "mae": 71.34594610351552,
            "mape": 17.860899820340947,
            "r2": -34.29210847083057
        },
        "training_time": 0.7760660648345947,
        "val_loss": null,
        "train_loss": null,
        "is_dl_model": false,
        "model_path": "models\\GLAXO\\lightgbm_model.pkl"
    },
    "svr": {
        "name": "Support Vector Regression",
        "metrics": {
            "mse": 73361.84600455523,
            "rmse": 270.85392004649896,
            "mae": 270.5070694665844,
            "mape": 68.1187721602028,
            "r2": -471.2740987685732
        },
        "training_time": 0.05196428298950195,
        "val_loss": null,
        "train_loss": null,
        "is_dl_model": false,
        "model_path": "models\\GLAXO\\svr_model.pkl"
    },
    "elastic_net": {
        "name": "Elastic Net Regression",
        "metrics": {
            "mse": 859.1993991755351,
            "rmse": 29.31210328815616,
            "mae": 26.224309862969562,
            "mape": 6.552147770844396,
            "r2": -4.531180634180465
        },
        "training_time": 0.04187321662902832,
        "val_loss": null,
        "train_loss": null,
        "is_dl_model": false,
        "model_path": "models\\GLAXO\\elastic_net_model.pkl"
    }
}