{
    "lstm": {
        "name": "LSTM Network",
        "metrics": {
            "mse": 18.275154733217544,
            "rmse": 4.274944997683309,
            "mae": 4.031470667521159,
            "mape": 8.082628844603807,
            "r2": -7.048128974435963
        },
        "training_time": 25.24051260948181,
        "val_loss": 22.59945297241211,
        "train_loss": 17.981422424316406,
        "is_dl_model": true,
        "model_path": "models\\FABL\\lstm_model.keras"
    },
    "bilstm": {
        "name": "Bidirectional LSTM",
        "metrics": {
            "mse": 1748.1172258817164,
            "rmse": 41.81049181583154,
            "mae": 41.78069586674373,
            "mape": 84.58040424129317,
            "r2": -768.8469918154419
        },
        "training_time": 17.663344144821167,
        "val_loss": 22.432985305786133,
        "train_loss": 15.102217674255371,
        "is_dl_model": true,
        "model_path": "models\\FABL\\bilstm_model.keras"
    },
    "gru": {
        "name": "GRU Network",
        "metrics": {
            "mse": 1956.4402459274836,
            "rmse": 44.23166564722025,
            "mae": 44.20617827892303,
            "mape": 89.50105783239502,
            "r2": -860.5896094921546
        },
        "training_time": 13.813690185546875,
        "val_loss": 44.63782501220703,
        "train_loss": 27.707210540771484,
        "is_dl_model": true,
        "model_path": "models\\FABL\\gru_model.keras"
    },
    "cnn_lstm": {
        "name": "CNN-LSTM Hybrid",
        "metrics": {
            "mse": 1876.6729016917768,
            "rmse": 43.32058288725784,
            "mae": 43.29329615619448,
            "mape": 87.64852909214184,
            "r2": -825.4611586675868
        },
        "training_time": 8.512586832046509,
        "val_loss": 38.27939224243164,
        "train_loss": 29.717782974243164,
        "is_dl_model": true,
        "model_path": "models\\FABL\\cnn_lstm_model.keras"
    },
    "advanced": {
        "name": "Advanced Multi-Branch Model",
        "metrics": {
            "mse": 2118.5780464723794,
            "rmse": 46.02801371417606,
            "mae": 46.00227512372865,
            "mape": 93.1388360330614,
            "r2": -931.9928862066796
        },
        "training_time": 31.43246030807495,
        "val_loss": 919.337890625,
        "train_loss": 539.6596069335938,
        "is_dl_model": true,
        "model_path": "models\\FABL\\advanced_model.keras"
    },
    "random_forest": {
        "name": "Random Forest",
        "metrics": {
            "mse": 11.703180043138909,
            "rmse": 3.4209910907716363,
            "mae": 2.9333153240740772,
            "mape": 5.868245000114896,
            "r2": -4.153920925606523
        },
        "training_time": 19.304677486419678,
        "val_loss": null,
        "train_loss": null,
        "is_dl_model": false,
        "model_path": "models\\FABL\\random_forest_model.pkl"
    },
    "gradient_boosting": {
        "name": "Gradient Boosting",
        "metrics": {
            "mse": 11.962720358691035,
            "rmse": 3.458716576808663,
            "mae": 2.9650350418539215,
            "mape": 5.922713914720289,
            "r2": -4.268218941909094
        },
        "training_time": 19.66733431816101,
        "val_loss": null,
        "train_loss": null,
        "is_dl_model": false,
        "model_path": "models\\FABL\\gradient_boosting_model.pkl"
    },
    "xgboost": {
        "name": "XGBoost",
        "metrics": {
            "mse": 2.749692817811775,
            "rmse": 1.6582197736765099,
            "mae": 1.2742115253872337,
            "mape": 2.5574521351388504,
            "r2": -0.2109272266573694
        },
        "training_time": 4.906907796859741,
        "val_loss": null,
        "train_loss": null,
        "is_dl_model": false,
        "model_path": "models\\FABL\\xgboost_model.pkl"
    },
    "lightgbm": {
        "name": "LightGBM",
        "metrics": {
            "mse": 4.828490871929018,
            "rmse": 2.197382732236016,
            "mae": 1.8166208853159196,
            "mape": 3.623625439718335,
            "r2": -1.1264015466056585
        },
        "training_time": 0.8950216770172119,
        "val_loss": null,
        "train_loss": null,
        "is_dl_model": false,
        "model_path": "models\\FABL\\lightgbm_model.pkl"
    },
    "svr": {
        "name": "Support Vector Regression",
        "metrics": {
            "mse": 84.71759792096746,
            "rmse": 9.20421631215648,
            "mae": 8.705468483326335,
            "mape": 17.474818614104926,
            "r2": -36.30847505400643
        },
        "training_time": 0.061417579650878906,
        "val_loss": null,
        "train_loss": null,
        "is_dl_model": false,
        "model_path": "models\\FABL\\svr_model.pkl"
    },
    "elastic_net": {
        "name": "Elastic Net Regression",
        "metrics": {
            "mse": 4.687347053563239,
            "rmse": 2.1650281877063953,
            "mae": 1.8853517142011198,
            "mape": 3.7674966223645128,
            "r2": -1.064243733403266
        },
        "training_time": 0.12371230125427246,
        "val_loss": null,
        "train_loss": null,
        "is_dl_model": false,
        "model_path": "models\\FABL\\elastic_net_model.pkl"
    }
}