{
    "lstm": {
        "name": "LSTM Network",
        "metrics": {
            "mse": 3.9049624864703367,
            "rmse": 1.9760977927396044,
            "mae": 1.663558536105685,
            "mape": 4.612350458566856,
            "r2": -0.44770413498732053
        },
        "training_time": 12.670480728149414,
        "val_loss": 12.218738555908203,
        "train_loss": 42.309730529785156,
        "is_dl_model": true,
        "model_path": "models\\EPCL\\lstm_model.keras"
    },
    "bilstm": {
        "name": "Bidirectional LSTM",
        "metrics": {
            "mse": 3.7378246509946873,
            "rmse": 1.9333454556790122,
            "mae": 1.5153954527113176,
            "mape": 4.03013650930015,
            "r2": -0.38574038082341344
        },
        "training_time": 19.83423686027527,
        "val_loss": 13.336640357971191,
        "train_loss": 31.199546813964844,
        "is_dl_model": true,
        "model_path": "models\\EPCL\\bilstm_model.keras"
    },
    "gru": {
        "name": "GRU Network",
        "metrics": {
            "mse": 2.766037911090566,
            "rmse": 1.6631409775153054,
            "mae": 1.2432269541422523,
            "mape": 3.4011073439207813,
            "r2": -0.02546555448143395
        },
        "training_time": 17.415812015533447,
        "val_loss": 12.410735130310059,
        "train_loss": 46.064273834228516,
        "is_dl_model": true,
        "model_path": "models\\EPCL\\gru_model.keras"
    },
    "cnn_lstm": {
        "name": "CNN-LSTM Hybrid",
        "metrics": {
            "mse": 1028.4246316280796,
            "rmse": 32.069060348380646,
            "mae": 32.03664222876231,
            "mape": 87.31141409779416,
            "r2": -380.27244420126203
        },
        "training_time": 9.641839027404785,
        "val_loss": 12.329914093017578,
        "train_loss": 46.52513885498047,
        "is_dl_model": true,
        "model_path": "models\\EPCL\\cnn_lstm_model.keras"
    },
    "advanced": {
        "name": "Advanced Multi-Branch Model",
        "metrics": {
            "mse": 1301.749068334211,
            "rmse": 36.079759815362,
            "mae": 36.046043254219825,
            "mape": 98.2443549774253,
            "r2": -481.60322998563714
        },
        "training_time": 32.87126708030701,
        "val_loss": 1086.4183349609375,
        "train_loss": 1351.8426513671875,
        "is_dl_model": true,
        "model_path": "models\\EPCL\\advanced_model.keras"
    },
    "random_forest": {
        "name": "Random Forest",
        "metrics": {
            "mse": 6.193097998116524,
            "rmse": 2.4885935783322526,
            "mae": 1.6441090244260996,
            "mape": 4.435440882661346,
            "r2": -1.295994804385196
        },
        "training_time": 19.82345747947693,
        "val_loss": null,
        "train_loss": null,
        "is_dl_model": false,
        "model_path": "models\\EPCL\\random_forest_model.pkl"
    },
    "gradient_boosting": {
        "name": "Gradient Boosting",
        "metrics": {
            "mse": 8.106667088009267,
            "rmse": 2.847220941200255,
            "mae": 1.9392342750485838,
            "mape": 5.212909580965484,
            "r2": -2.005420795958724
        },
        "training_time": 20.006146907806396,
        "val_loss": null,
        "train_loss": null,
        "is_dl_model": false,
        "model_path": "models\\EPCL\\gradient_boosting_model.pkl"
    },
    "xgboost": {
        "name": "XGBoost",
        "metrics": {
            "mse": 9.147062797931106,
            "rmse": 3.02441114895629,
            "mae": 1.9698447291056316,
            "mape": 5.2854690951890175,
            "r2": -2.391131331334019
        },
        "training_time": 4.998427391052246,
        "val_loss": null,
        "train_loss": null,
        "is_dl_model": false,
        "model_path": "models\\EPCL\\xgboost_model.pkl"
    },
    "lightgbm": {
        "name": "LightGBM",
        "metrics": {
            "mse": 4.036653200418688,
            "rmse": 2.00914240421596,
            "mae": 1.458336567057187,
            "mape": 3.9176852017958153,
            "r2": -0.49652641990888124
        },
        "training_time": 0.9073388576507568,
        "val_loss": null,
        "train_loss": null,
        "is_dl_model": false,
        "model_path": "models\\EPCL\\lightgbm_model.pkl"
    },
    "svr": {
        "name": "Support Vector Regression",
        "metrics": {
            "mse": 7.280358053390693,
            "rmse": 2.6982138635383768,
            "mae": 2.29097803005519,
            "mape": 6.354625280871586,
            "r2": -1.699079567242857
        },
        "training_time": 0.052332401275634766,
        "val_loss": null,
        "train_loss": null,
        "is_dl_model": false,
        "model_path": "models\\EPCL\\svr_model.pkl"
    },
    "elastic_net": {
        "name": "Elastic Net Regression",
        "metrics": {
            "mse": 6.721521546895204,
            "rmse": 2.5925897374816564,
            "mae": 2.3338571242096027,
            "mape": 6.490503693433906,
            "r2": -1.4918996201784576
        },
        "training_time": 0.0189821720123291,
        "val_loss": null,
        "train_loss": null,
        "is_dl_model": false,
        "model_path": "models\\EPCL\\elastic_net_model.pkl"
    }
}