{
    "lstm": {
        "name": "LSTM Network",
        "metrics": {
            "mse": 31.34378063869945,
            "rmse": 5.598551655446205,
            "mae": 5.250584671232436,
            "mape": 16.77495965032554,
            "r2": -7.234695058142174
        },
        "training_time": 11.277306079864502,
        "val_loss": 58.12721252441406,
        "train_loss": 14.041351318359375,
        "is_dl_model": true,
        "model_path": "models\\GHGL\\lstm_model.keras"
    },
    "bilstm": {
        "name": "Bidirectional LSTM",
        "metrics": {
            "mse": 15.380646553038837,
            "rmse": 3.921816741388975,
            "mae": 3.417751487096151,
            "mape": 10.79103345407619,
            "r2": -3.0408314370654574
        },
        "training_time": 20.21791124343872,
        "val_loss": 42.20199966430664,
        "train_loss": 9.148927688598633,
        "is_dl_model": true,
        "model_path": "models\\GHGL\\bilstm_model.keras"
    },
    "gru": {
        "name": "GRU Network",
        "metrics": {
            "mse": 684.9185671540041,
            "rmse": 26.17094891581129,
            "mae": 26.10284530056847,
            "mape": 84.9235336073481,
            "r2": -178.94305170733614
        },
        "training_time": 14.118499279022217,
        "val_loss": 54.71723556518555,
        "train_loss": 14.557992935180664,
        "is_dl_model": true,
        "model_path": "models\\GHGL\\gru_model.keras"
    },
    "cnn_lstm": {
        "name": "CNN-LSTM Hybrid",
        "metrics": {
            "mse": 761.8350129134931,
            "rmse": 27.60135889613939,
            "mae": 27.53400932351748,
            "mape": 89.59005933161426,
            "r2": -199.1506802345566
        },
        "training_time": 9.546100616455078,
        "val_loss": 45.52163314819336,
        "train_loss": 14.283283233642578,
        "is_dl_model": true,
        "model_path": "models\\GHGL\\cnn_lstm_model.keras"
    },
    "advanced": {
        "name": "Advanced Multi-Branch Model",
        "metrics": {
            "mse": 925.6234293718876,
            "rmse": 30.42406004089342,
            "mae": 30.360997177619076,
            "mape": 98.82094494885408,
            "r2": -242.18147090840424
        },
        "training_time": 32.57687497138977,
        "val_loss": 713.6648559570312,
        "train_loss": 417.4985046386719,
        "is_dl_model": true,
        "model_path": "models\\GHGL\\advanced_model.keras"
    },
    "random_forest": {
        "name": "Random Forest",
        "metrics": {
            "mse": 39.34385641566152,
            "rmse": 6.272468127911175,
            "mae": 5.748926760881216,
            "mape": 18.462192844413646,
            "r2": -9.336489516975712
        },
        "training_time": 20.52214741706848,
        "val_loss": null,
        "train_loss": null,
        "is_dl_model": false,
        "model_path": "models\\GHGL\\random_forest_model.pkl"
    },
    "gradient_boosting": {
        "name": "Gradient Boosting",
        "metrics": {
            "mse": 40.922576721382725,
            "rmse": 6.397075638241486,
            "mae": 5.884239724672034,
            "mape": 18.91827126876296,
            "r2": -9.751253787105268
        },
        "training_time": 20.20090126991272,
        "val_loss": null,
        "train_loss": null,
        "is_dl_model": false,
        "model_path": "models\\GHGL\\gradient_boosting_model.pkl"
    },
    "xgboost": {
        "name": "XGBoost",
        "metrics": {
            "mse": 40.984787424792295,
            "rmse": 6.40193622467393,
            "mae": 5.928284475538466,
            "mape": 19.06372211541241,
            "r2": -9.767597896255197
        },
        "training_time": 4.7432334423065186,
        "val_loss": null,
        "train_loss": null,
        "is_dl_model": false,
        "model_path": "models\\GHGL\\xgboost_model.pkl"
    },
    "lightgbm": {
        "name": "LightGBM",
        "metrics": {
            "mse": 38.360711809615246,
            "rmse": 6.193602490442476,
            "mae": 5.74210209252963,
            "mape": 18.44713914828011,
            "r2": -9.078195977910658
        },
        "training_time": 0.8860511779785156,
        "val_loss": null,
        "train_loss": null,
        "is_dl_model": false,
        "model_path": "models\\GHGL\\lightgbm_model.pkl"
    },
    "svr": {
        "name": "Support Vector Regression",
        "metrics": {
            "mse": 27.889966436342362,
            "rmse": 5.281095192887775,
            "mae": 4.835471765570991,
            "mape": 15.456575384180136,
            "r2": -6.327302709027288
        },
        "training_time": 0.051590919494628906,
        "val_loss": null,
        "train_loss": null,
        "is_dl_model": false,
        "model_path": "models\\GHGL\\svr_model.pkl"
    },
    "elastic_net": {
        "name": "Elastic Net Regression",
        "metrics": {
            "mse": 52.400219467537134,
            "rmse": 7.238799587468708,
            "mae": 6.970933372183372,
            "mape": 22.39459852084242,
            "r2": -12.766680965158693
        },
        "training_time": 0.01161813735961914,
        "val_loss": null,
        "train_loss": null,
        "is_dl_model": false,
        "model_path": "models\\GHGL\\elastic_net_model.pkl"
    }
}