{
    "lstm": {
        "name": "LSTM Network",
        "metrics": {
            "mse": 1356.0388220771208,
            "rmse": 36.82443240672042,
            "mae": 36.16186109754774,
            "mape": 34.79476232845956,
            "r2": -27.01801122397333
        },
        "training_time": 18.99667191505432,
        "val_loss": 1387.0787353515625,
        "train_loss": 222.47360229492188,
        "is_dl_model": true,
        "model_path": "models\\BERG\\lstm_model.keras"
    },
    "bilstm": {
        "name": "Bidirectional LSTM",
        "metrics": {
            "mse": 1254.4464555641537,
            "rmse": 35.41816561546001,
            "mae": 34.733265236748586,
            "mape": 33.40470856469507,
            "r2": -24.91894442817886
        },
        "training_time": 30.544336557388306,
        "val_loss": 1352.73974609375,
        "train_loss": 183.90406799316406,
        "is_dl_model": true,
        "model_path": "models\\BERG\\bilstm_model.keras"
    },
    "gru": {
        "name": "GRU Network",
        "metrics": {
            "mse": 9793.472782267296,
            "rmse": 98.96197644685203,
            "mae": 98.73609823226928,
            "mape": 95.76034484886021,
            "r2": -201.3493913802101
        },
        "training_time": 23.09339213371277,
        "val_loss": 1379.72802734375,
        "train_loss": 213.603515625,
        "is_dl_model": true,
        "model_path": "models\\BERG\\gru_model.keras"
    },
    "cnn_lstm": {
        "name": "CNN-LSTM Hybrid",
        "metrics": {
            "mse": 9942.930520404909,
            "rmse": 99.71424432048266,
            "mae": 99.47952986333105,
            "mape": 96.47480282723949,
            "r2": -204.43743614447067
        },
        "training_time": 11.446050643920898,
        "val_loss": 1397.5306396484375,
        "train_loss": 196.4127197265625,
        "is_dl_model": true,
        "model_path": "models\\BERG\\cnn_lstm_model.keras"
    },
    "advanced": {
        "name": "Advanced Multi-Branch Model",
        "metrics": {
            "mse": 10489.397115873131,
            "rmse": 102.41775781510319,
            "mae": 102.18376139541466,
            "mape": 99.10346911895248,
            "r2": -215.72834238998843
        },
        "training_time": 32.852580070495605,
        "val_loss": 6328.4287109375,
        "train_loss": 4054.855712890625,
        "is_dl_model": true,
        "model_path": "models\\BERG\\advanced_model.keras"
    },
    "random_forest": {
        "name": "Random Forest",
        "metrics": {
            "mse": 42.60476295416647,
            "rmse": 6.5272324115329665,
            "mae": 4.5780999999999885,
            "mape": 4.19952334383116,
            "r2": 0.11971493204294792
        },
        "training_time": 27.737517595291138,
        "val_loss": null,
        "train_loss": null,
        "is_dl_model": false,
        "model_path": "models\\BERG\\random_forest_model.pkl"
    },
    "gradient_boosting": {
        "name": "Gradient Boosting",
        "metrics": {
            "mse": 61.62013455488942,
            "rmse": 7.849849333260443,
            "mae": 6.669637735054533,
            "mape": 6.297038295901237,
            "r2": -0.27317418459827136
        },
        "training_time": 22.423073530197144,
        "val_loss": null,
        "train_loss": null,
        "is_dl_model": false,
        "model_path": "models\\BERG\\gradient_boosting_model.pkl"
    },
    "xgboost": {
        "name": "XGBoost",
        "metrics": {
            "mse": 57.64674350733469,
            "rmse": 7.59254525882689,
            "mae": 6.716796078152127,
            "mape": 6.390040027875604,
            "r2": -0.1910773351901558
        },
        "training_time": 5.289353132247925,
        "val_loss": null,
        "train_loss": null,
        "is_dl_model": false,
        "model_path": "models\\BERG\\xgboost_model.pkl"
    },
    "lightgbm": {
        "name": "LightGBM",
        "metrics": {
            "mse": 119.48161664644385,
            "rmse": 10.930764687177373,
            "mae": 9.998292637214314,
            "mape": 9.519047638750369,
            "r2": -1.4686883751091866
        },
        "training_time": 1.0717811584472656,
        "val_loss": null,
        "train_loss": null,
        "is_dl_model": false,
        "model_path": "models\\BERG\\lightgbm_model.pkl"
    },
    "svr": {
        "name": "Support Vector Regression",
        "metrics": {
            "mse": 1006.096890511119,
            "rmse": 31.719030415684507,
            "mae": 31.2588546690835,
            "mape": 30.131769923463985,
            "r2": -19.787630495391554
        },
        "training_time": 0.030587196350097656,
        "val_loss": null,
        "train_loss": null,
        "is_dl_model": false,
        "model_path": "models\\BERG\\svr_model.pkl"
    },
    "elastic_net": {
        "name": "Elastic Net Regression",
        "metrics": {
            "mse": 340.6200874890721,
            "rmse": 18.455895737922667,
            "mae": 17.38421146267083,
            "mape": 16.597501446005168,
            "r2": -6.03777596850899
        },
        "training_time": 0.013739824295043945,
        "val_loss": null,
        "train_loss": null,
        "is_dl_model": false,
        "model_path": "models\\BERG\\elastic_net_model.pkl"
    }
}