{
    "lstm": {
        "name": "LSTM Network",
        "metrics": {
            "mse": 58.54538560335061,
            "rmse": 7.651495644862552,
            "mae": 6.903713266584608,
            "mape": 13.31805790731716,
            "r2": -3.775324033729879
        },
        "training_time": 22.91718339920044,
        "val_loss": 64.18733978271484,
        "train_loss": 27.691768646240234,
        "is_dl_model": true,
        "model_path": "models\\CLOV\\lstm_model.keras"
    },
    "bilstm": {
        "name": "Bidirectional LSTM",
        "metrics": {
            "mse": 41.26636523462035,
            "rmse": 6.423890194782314,
            "mae": 5.574221471150717,
            "mape": 10.70126637975313,
            "r2": -2.3659401788666283
        },
        "training_time": 23.683215379714966,
        "val_loss": 47.85408020019531,
        "train_loss": 15.666534423828125,
        "is_dl_model": true,
        "model_path": "models\\CLOV\\bilstm_model.keras"
    },
    "gru": {
        "name": "GRU Network",
        "metrics": {
            "mse": 2010.1696958678367,
            "rmse": 44.834916035026055,
            "mae": 44.68770716004901,
            "mape": 88.58063809513243,
            "r2": -162.96188293281628
        },
        "training_time": 13.81564450263977,
        "val_loss": 258.9831237792969,
        "train_loss": 130.05227661132812,
        "is_dl_model": true,
        "model_path": "models\\CLOV\\gru_model.keras"
    },
    "cnn_lstm": {
        "name": "CNN-LSTM Hybrid",
        "metrics": {
            "mse": 2125.1647478180657,
            "rmse": 46.099509192811,
            "mae": 45.96261525233586,
            "mape": 91.13247385452858,
            "r2": -172.34159116564612
        },
        "training_time": 9.521941184997559,
        "val_loss": 77.95189666748047,
        "train_loss": 43.232242584228516,
        "is_dl_model": true,
        "model_path": "models\\CLOV\\cnn_lstm_model.keras"
    },
    "advanced": {
        "name": "Advanced Multi-Branch Model",
        "metrics": {
            "mse": 2363.7064039074053,
            "rmse": 48.617963798450106,
            "mae": 48.488244224720525,
            "mape": 96.16848719418054,
            "r2": -191.79852516018383
        },
        "training_time": 33.55873680114746,
        "val_loss": 1421.782470703125,
        "train_loss": 988.918701171875,
        "is_dl_model": true,
        "model_path": "models\\CLOV\\advanced_model.keras"
    },
    "random_forest": {
        "name": "Random Forest",
        "metrics": {
            "mse": 59.58480153598766,
            "rmse": 7.719119220221155,
            "mae": 6.445641822418679,
            "mape": 12.423715692571477,
            "r2": -3.860105230967042
        },
        "training_time": 19.865285634994507,
        "val_loss": null,
        "train_loss": null,
        "is_dl_model": false,
        "model_path": "models\\CLOV\\random_forest_model.pkl"
    },
    "gradient_boosting": {
        "name": "Gradient Boosting",
        "metrics": {
            "mse": 55.37263295190488,
            "rmse": 7.441278986296972,
            "mae": 6.074205261508554,
            "mape": 11.701309161666146,
            "r2": -3.5165346887902516
        },
        "training_time": 20.211192846298218,
        "val_loss": null,
        "train_loss": null,
        "is_dl_model": false,
        "model_path": "models\\CLOV\\gradient_boosting_model.pkl"
    },
    "xgboost": {
        "name": "XGBoost",
        "metrics": {
            "mse": 58.823296070651296,
            "rmse": 7.6696346764791405,
            "mae": 6.677512474060059,
            "mape": 12.904734476832111,
            "r2": -3.7979921316516743
        },
        "training_time": 4.980169057846069,
        "val_loss": null,
        "train_loss": null,
        "is_dl_model": false,
        "model_path": "models\\CLOV\\xgboost_model.pkl"
    },
    "lightgbm": {
        "name": "LightGBM",
        "metrics": {
            "mse": 57.046615520773486,
            "rmse": 7.5529209926209,
            "mae": 6.412369967075609,
            "mape": 12.36702862339379,
            "r2": -3.6530750687156957
        },
        "training_time": 0.9139628410339355,
        "val_loss": null,
        "train_loss": null,
        "is_dl_model": false,
        "model_path": "models\\CLOV\\lightgbm_model.pkl"
    },
    "svr": {
        "name": "Support Vector Regression",
        "metrics": {
            "mse": 89.61094469458789,
            "rmse": 9.466305757505822,
            "mae": 8.843351938916232,
            "mape": 17.19048083787941,
            "r2": -6.309223322645843
        },
        "training_time": 0.051909685134887695,
        "val_loss": null,
        "train_loss": null,
        "is_dl_model": false,
        "model_path": "models\\CLOV\\svr_model.pkl"
    },
    "elastic_net": {
        "name": "Elastic Net Regression",
        "metrics": {
            "mse": 42.564500052996586,
            "rmse": 6.524147457943956,
            "mae": 5.297068165644138,
            "mape": 10.163729146335138,
            "r2": -2.471824089841481
        },
        "training_time": 0.06141185760498047,
        "val_loss": null,
        "train_loss": null,
        "is_dl_model": false,
        "model_path": "models\\CLOV\\elastic_net_model.pkl"
    }
}