{
    "lstm": {
        "name": "LSTM Network",
        "metrics": {
            "mse": 298.7312794802201,
            "rmse": 17.28384446470808,
            "mae": 16.67130050553216,
            "mape": 33.91019155531931,
            "r2": -13.317044470287458
        },
        "training_time": 16.042413473129272,
        "val_loss": 324.2610778808594,
        "train_loss": 52.959815979003906,
        "is_dl_model": true,
        "model_path": "models\\HTL\\lstm_model.keras"
    },
    "bilstm": {
        "name": "Bidirectional LSTM",
        "metrics": {
            "mse": 89.52520502891444,
            "rmse": 9.46177599760819,
            "mae": 8.508010932074654,
            "mape": 16.954152623720763,
            "r2": -3.2905997116898433
        },
        "training_time": 47.70138192176819,
        "val_loss": 92.5439224243164,
        "train_loss": 9.822502136230469,
        "is_dl_model": true,
        "model_path": "models\\HTL\\bilstm_model.keras"
    },
    "gru": {
        "name": "GRU Network",
        "metrics": {
            "mse": 2006.781416216699,
            "rmse": 44.79711392731343,
            "mae": 44.58056224213706,
            "mape": 92.22202794526476,
            "r2": -95.17733646142436
        },
        "training_time": 14.43669867515564,
        "val_loss": 322.00579833984375,
        "train_loss": 51.875797271728516,
        "is_dl_model": true,
        "model_path": "models\\HTL\\gru_model.keras"
    },
    "cnn_lstm": {
        "name": "CNN-LSTM Hybrid",
        "metrics": {
            "mse": 2018.0631397557122,
            "rmse": 44.92285765348986,
            "mae": 44.71646134879854,
            "mape": 92.52635118088635,
            "r2": -95.71802620067959
        },
        "training_time": 9.324706554412842,
        "val_loss": 288.49530029296875,
        "train_loss": 45.25957489013672,
        "is_dl_model": true,
        "model_path": "models\\HTL\\cnn_lstm_model.keras"
    },
    "advanced": {
        "name": "Advanced Multi-Branch Model",
        "metrics": {
            "mse": 2217.7605986602866,
            "rmse": 47.09310563830216,
            "mae": 46.86955919192897,
            "mape": 96.96823672011858,
            "r2": -105.28875948550623
        },
        "training_time": 32.83802580833435,
        "val_loss": 1343.6298828125,
        "train_loss": 775.146240234375,
        "is_dl_model": true,
        "model_path": "models\\HTL\\advanced_model.keras"
    },
    "random_forest": {
        "name": "Random Forest",
        "metrics": {
            "mse": 35.854080092811586,
            "rmse": 5.987827660580386,
            "mae": 5.252453491462256,
            "mape": 10.446285386668652,
            "r2": -0.718348543959624
        },
        "training_time": 18.78630495071411,
        "val_loss": null,
        "train_loss": null,
        "is_dl_model": false,
        "model_path": "models\\HTL\\random_forest_model.pkl"
    },
    "gradient_boosting": {
        "name": "Gradient Boosting",
        "metrics": {
            "mse": 53.0943675234428,
            "rmse": 7.286588194995158,
            "mae": 6.279716796233587,
            "mape": 12.432819972780267,
            "r2": -1.544609397039217
        },
        "training_time": 21.313984870910645,
        "val_loss": null,
        "train_loss": null,
        "is_dl_model": false,
        "model_path": "models\\HTL\\gradient_boosting_model.pkl"
    },
    "xgboost": {
        "name": "XGBoost",
        "metrics": {
            "mse": 39.61657254959425,
            "rmse": 6.294169726786389,
            "mae": 4.961430496639675,
            "mape": 10.139833913260345,
            "r2": -0.8986703767339028
        },
        "training_time": 4.516289710998535,
        "val_loss": null,
        "train_loss": null,
        "is_dl_model": false,
        "model_path": "models\\HTL\\xgboost_model.pkl"
    },
    "lightgbm": {
        "name": "LightGBM",
        "metrics": {
            "mse": 51.844242298111354,
            "rmse": 7.2002945980085675,
            "mae": 6.116447625631911,
            "mape": 12.049635807316934,
            "r2": -1.4846956897246018
        },
        "training_time": 0.8941833972930908,
        "val_loss": null,
        "train_loss": null,
        "is_dl_model": false,
        "model_path": "models\\HTL\\lightgbm_model.pkl"
    },
    "svr": {
        "name": "Support Vector Regression",
        "metrics": {
            "mse": 176.62388485239907,
            "rmse": 13.28999190565589,
            "mae": 12.627640688700787,
            "mape": 25.574844444799876,
            "r2": -7.464905376988364
        },
        "training_time": 0.0519258975982666,
        "val_loss": null,
        "train_loss": null,
        "is_dl_model": false,
        "model_path": "models\\HTL\\svr_model.pkl"
    },
    "elastic_net": {
        "name": "Elastic Net Regression",
        "metrics": {
            "mse": 122.23381086587197,
            "rmse": 11.05594007155755,
            "mae": 10.242921583732398,
            "mape": 20.593287172433993,
            "r2": -4.858197738731508
        },
        "training_time": 0.01564931869506836,
        "val_loss": null,
        "train_loss": null,
        "is_dl_model": false,
        "model_path": "models\\HTL\\elastic_net_model.pkl"
    }
}