{
    "lstm": {
        "name": "LSTM Network",
        "metrics": {
            "mse": 69800.49733872895,
            "rmse": 264.1978374982069,
            "mae": 260.91586968315977,
            "mape": 30.839529955878238,
            "r2": -39.46922673627053
        },
        "training_time": 36.323850870132446,
        "val_loss": 69800.5,
        "train_loss": 5909.45703125,
        "is_dl_model": true,
        "model_path": "models\\HALEON\\lstm_model.keras"
    },
    "bilstm": {
        "name": "Bidirectional LSTM",
        "metrics": {
            "mse": 700420.8949220058,
            "rmse": 836.9115215612734,
            "mae": 835.890411353906,
            "mape": 99.33866683170946,
            "r2": -405.0929805394469
        },
        "training_time": 18.175736665725708,
        "val_loss": 384117.09375,
        "train_loss": 43636.46484375,
        "is_dl_model": true,
        "model_path": "models\\HALEON\\bilstm_model.keras"
    },
    "gru": {
        "name": "GRU Network",
        "metrics": {
            "mse": 702841.3730457206,
            "rmse": 838.356352063799,
            "mae": 837.3490312928623,
            "mape": 99.51385735506612,
            "r2": -406.49633555457575
        },
        "training_time": 13.75047254562378,
        "val_loss": 500554.375,
        "train_loss": 66004.96875,
        "is_dl_model": true,
        "model_path": "models\\HALEON\\gru_model.keras"
    },
    "cnn_lstm": {
        "name": "CNN-LSTM Hybrid",
        "metrics": {
            "mse": 705119.0398255852,
            "rmse": 839.7136653798038,
            "mae": 838.697962396807,
            "mape": 99.67336948218613,
            "r2": -407.8168908064489
        },
        "training_time": 9.828120470046997,
        "val_loss": 512792.125,
        "train_loss": 70340.8046875,
        "is_dl_model": true,
        "model_path": "models\\HALEON\\cnn_lstm_model.keras"
    },
    "advanced": {
        "name": "Advanced Multi-Branch Model",
        "metrics": {
            "mse": 706142.158679479,
            "rmse": 840.3226515330163,
            "mae": 839.3070034319824,
            "mape": 99.74584857592943,
            "r2": -408.4100789706456
        },
        "training_time": 32.81719255447388,
        "val_loss": 622029.0,
        "train_loss": 117462.3046875,
        "is_dl_model": true,
        "model_path": "models\\HALEON\\advanced_model.keras"
    },
    "random_forest": {
        "name": "Random Forest",
        "metrics": {
            "mse": 7381.415225283679,
            "rmse": 85.91516295325104,
            "mae": 77.81742341269819,
            "mape": 9.08403675698468,
            "r2": -3.279628051028501
        },
        "training_time": 19.70251202583313,
        "val_loss": null,
        "train_loss": null,
        "is_dl_model": false,
        "model_path": "models\\HALEON\\random_forest_model.pkl"
    },
    "gradient_boosting": {
        "name": "Gradient Boosting",
        "metrics": {
            "mse": 8302.805022957527,
            "rmse": 91.1197290544563,
            "mae": 76.67600134909861,
            "mape": 8.881918209099243,
            "r2": -3.813835313959565
        },
        "training_time": 20.001002550125122,
        "val_loss": null,
        "train_loss": null,
        "is_dl_model": false,
        "model_path": "models\\HALEON\\gradient_boosting_model.pkl"
    },
    "xgboost": {
        "name": "XGBoost",
        "metrics": {
            "mse": 10428.060468836053,
            "rmse": 102.1178753638953,
            "mae": 74.14971967909072,
            "mape": 8.495785316894294,
            "r2": -5.046024879807118
        },
        "training_time": 4.518296957015991,
        "val_loss": null,
        "train_loss": null,
        "is_dl_model": false,
        "model_path": "models\\HALEON\\xgboost_model.pkl"
    },
    "lightgbm": {
        "name": "LightGBM",
        "metrics": {
            "mse": 4377.008872564516,
            "rmse": 66.15896668301671,
            "mae": 60.455838551222655,
            "mape": 7.062277972899156,
            "r2": -1.5377206645230879
        },
        "training_time": 0.8601858615875244,
        "val_loss": null,
        "train_loss": null,
        "is_dl_model": false,
        "model_path": "models\\HALEON\\lightgbm_model.pkl"
    },
    "svr": {
        "name": "Support Vector Regression",
        "metrics": {
            "mse": 342469.78924820933,
            "rmse": 585.2091841796481,
            "mae": 584.0149263170586,
            "mape": 69.3558616169133,
            "r2": -197.5585788042602
        },
        "training_time": 0.05175018310546875,
        "val_loss": null,
        "train_loss": null,
        "is_dl_model": false,
        "model_path": "models\\HALEON\\svr_model.pkl"
    },
    "elastic_net": {
        "name": "Elastic Net Regression",
        "metrics": {
            "mse": 858.986378055517,
            "rmse": 29.3084693912104,
            "mae": 21.226874391529172,
            "mape": 2.5195295364836823,
            "r2": 0.5019732548867033
        },
        "training_time": 0.07210040092468262,
        "val_loss": null,
        "train_loss": null,
        "is_dl_model": false,
        "model_path": "models\\HALEON\\elastic_net_model.pkl"
    }
}