{
    "lstm": {
        "name": "LSTM Network",
        "metrics": {
            "mse": 0.05539325869639165,
            "rmse": 0.235357724955846,
            "mae": 0.19038846373558044,
            "mape": 7.334303914299658,
            "r2": 0.6477832069686972
        },
        "training_time": 11.132306575775146,
        "val_loss": 0.0939885675907135,
        "train_loss": 0.08844566345214844,
        "is_dl_model": true,
        "model_path": "models\\PMI\\lstm_model.keras"
    },
    "bilstm": {
        "name": "Bidirectional LSTM",
        "metrics": {
            "mse": 0.037482309881110315,
            "rmse": 0.19360348623180915,
            "mae": 0.15327083031336464,
            "mape": 5.819630370880705,
            "r2": 0.7616695732943011
        },
        "training_time": 24.739818811416626,
        "val_loss": 0.07633044570684433,
        "train_loss": 0.05117085576057434,
        "is_dl_model": true,
        "model_path": "models\\PMI\\bilstm_model.keras"
    },
    "gru": {
        "name": "GRU Network",
        "metrics": {
            "mse": 0.06617772019184819,
            "rmse": 0.2572503064951492,
            "mae": 0.2119365828567081,
            "mape": 7.99010498067822,
            "r2": 0.579210450429521
        },
        "training_time": 13.699206352233887,
        "val_loss": 0.07765483856201172,
        "train_loss": 0.12087249755859375,
        "is_dl_model": true,
        "model_path": "models\\PMI\\gru_model.keras"
    },
    "cnn_lstm": {
        "name": "CNN-LSTM Hybrid",
        "metrics": {
            "mse": 0.09784374522497452,
            "rmse": 0.31279984850535736,
            "mae": 0.26568210389879016,
            "mape": 10.168950496518926,
            "r2": 0.3778627404789735
        },
        "training_time": 9.373323440551758,
        "val_loss": 0.22412511706352234,
        "train_loss": 0.10053155571222305,
        "is_dl_model": true,
        "model_path": "models\\PMI\\cnn_lstm_model.keras"
    },
    "advanced": {
        "name": "Advanced Multi-Branch Model",
        "metrics": {
            "mse": 3.218856031399569,
            "rmse": 1.7941170617882125,
            "mae": 1.7547612055473856,
            "mape": 67.7029591170472,
            "r2": -19.46702388142539
        },
        "training_time": 33.184266567230225,
        "val_loss": 0.3607490062713623,
        "train_loss": 0.744149923324585,
        "is_dl_model": true,
        "model_path": "models\\PMI\\advanced_model.keras"
    },
    "random_forest": {
        "name": "Random Forest",
        "metrics": {
            "mse": 0.055436472215948975,
            "rmse": 0.23544951096986583,
            "mae": 0.18771344862861303,
            "mape": 7.249367384597866,
            "r2": 0.6475084347738079
        },
        "training_time": 19.207012176513672,
        "val_loss": null,
        "train_loss": null,
        "is_dl_model": false,
        "model_path": "models\\PMI\\random_forest_model.pkl"
    },
    "gradient_boosting": {
        "name": "Gradient Boosting",
        "metrics": {
            "mse": 0.10280258242049792,
            "rmse": 0.3206284179864566,
            "mae": 0.2788844238251895,
            "mape": 11.389707315330948,
            "r2": 0.34633208539069715
        },
        "training_time": 18.035471200942993,
        "val_loss": null,
        "train_loss": null,
        "is_dl_model": false,
        "model_path": "models\\PMI\\gradient_boosting_model.pkl"
    },
    "xgboost": {
        "name": "XGBoost",
        "metrics": {
            "mse": 0.09380236430365935,
            "rmse": 0.30627171646049745,
            "mae": 0.26907694624529943,
            "mape": 10.819343999312842,
            "r2": 0.4035597704248981
        },
        "training_time": 4.382871627807617,
        "val_loss": null,
        "train_loss": null,
        "is_dl_model": false,
        "model_path": "models\\PMI\\xgboost_model.pkl"
    },
    "lightgbm": {
        "name": "LightGBM",
        "metrics": {
            "mse": 0.0723286904132201,
            "rmse": 0.2689399383007665,
            "mae": 0.21043361380149234,
            "mape": 8.319577104009044,
            "r2": 0.5400996442341854
        },
        "training_time": 0.9442663192749023,
        "val_loss": null,
        "train_loss": null,
        "is_dl_model": false,
        "model_path": "models\\PMI\\lightgbm_model.pkl"
    },
    "svr": {
        "name": "Support Vector Regression",
        "metrics": {
            "mse": 0.04922753000741864,
            "rmse": 0.22187277887884002,
            "mae": 0.17255683410237138,
            "mape": 6.496488375069584,
            "r2": 0.6869878545492635
        },
        "training_time": 0.030203819274902344,
        "val_loss": null,
        "train_loss": null,
        "is_dl_model": false,
        "model_path": "models\\PMI\\svr_model.pkl"
    },
    "elastic_net": {
        "name": "Elastic Net Regression",
        "metrics": {
            "mse": 1.1237545097288104,
            "rmse": 1.0600728794421685,
            "mae": 0.983099261849262,
            "mape": 36.856319358597354,
            "r2": -6.145367845942029
        },
        "training_time": 0.007203817367553711,
        "val_loss": null,
        "train_loss": null,
        "is_dl_model": false,
        "model_path": "models\\PMI\\elastic_net_model.pkl"
    }
}