{
    "lstm": {
        "name": "LSTM Network",
        "metrics": {
            "mse": 30097.186940773947,
            "rmse": 173.48540843763763,
            "mae": 171.87571619669598,
            "mape": 36.06175062628903,
            "r2": -53.13737364512434
        },
        "training_time": 53.6385931968689,
        "val_loss": 30802.5703125,
        "train_loss": 4678.42724609375,
        "is_dl_model": true,
        "model_path": "models\\APL\\lstm_model.keras"
    },
    "bilstm": {
        "name": "Bidirectional LSTM",
        "metrics": {
            "mse": 218755.22539366418,
            "rmse": 467.7127594941838,
            "mae": 467.128322833644,
            "mape": 98.43163620593907,
            "r2": -392.4863878562749
        },
        "training_time": 25.58010983467102,
        "val_loss": 52904.890625,
        "train_loss": 7931.025390625,
        "is_dl_model": true,
        "model_path": "models\\APL\\bilstm_model.keras"
    },
    "gru": {
        "name": "GRU Network",
        "metrics": {
            "mse": 222851.76213543923,
            "rmse": 472.07177646565486,
            "mae": 471.4931425523758,
            "mape": 99.35370954037465,
            "r2": -399.85504130142493
        },
        "training_time": 16.654315948486328,
        "val_loss": 119372.484375,
        "train_loss": 36208.19140625,
        "is_dl_model": true,
        "model_path": "models\\APL\\gru_model.keras"
    },
    "cnn_lstm": {
        "name": "CNN-LSTM Hybrid",
        "metrics": {
            "mse": 222702.5374058311,
            "rmse": 471.9136969890057,
            "mae": 471.32915862785444,
            "mape": 99.31788726947505,
            "r2": -399.5866230283223
        },
        "training_time": 14.073628425598145,
        "val_loss": 115928.796875,
        "train_loss": 34627.921875,
        "is_dl_model": true,
        "model_path": "models\\APL\\cnn_lstm_model.keras"
    },
    "advanced": {
        "name": "Advanced Multi-Branch Model",
        "metrics": {
            "mse": 225260.54751947775,
            "rmse": 474.61621076347336,
            "mae": 474.0309417551094,
            "mape": 99.88774583748588,
            "r2": -404.1878487037653
        },
        "training_time": 44.36484670639038,
        "val_loss": 192683.28125,
        "train_loss": 92147.2265625,
        "is_dl_model": true,
        "model_path": "models\\APL\\advanced_model.keras"
    },
    "random_forest": {
        "name": "Random Forest",
        "metrics": {
            "mse": 2683.5092453926595,
            "rmse": 51.80259882855936,
            "mae": 47.09548497134035,
            "mape": 9.735548768103081,
            "r2": -3.8269674831687865
        },
        "training_time": 22.76153874397278,
        "val_loss": null,
        "train_loss": null,
        "is_dl_model": false,
        "model_path": "models\\APL\\random_forest_model.pkl"
    },
    "gradient_boosting": {
        "name": "Gradient Boosting",
        "metrics": {
            "mse": 2311.4504996886603,
            "rmse": 48.07754673117858,
            "mae": 41.36910824578639,
            "mape": 8.505113478570724,
            "r2": -3.157726089488034
        },
        "training_time": 25.682541608810425,
        "val_loss": null,
        "train_loss": null,
        "is_dl_model": false,
        "model_path": "models\\APL\\gradient_boosting_model.pkl"
    },
    "xgboost": {
        "name": "XGBoost",
        "metrics": {
            "mse": 1978.4942857781264,
            "rmse": 44.480268499393375,
            "mae": 37.43223600599501,
            "mape": 7.691866498024297,
            "r2": -2.558820451050417
        },
        "training_time": 3.999340772628784,
        "val_loss": null,
        "train_loss": null,
        "is_dl_model": false,
        "model_path": "models\\APL\\xgboost_model.pkl"
    },
    "lightgbm": {
        "name": "LightGBM",
        "metrics": {
            "mse": 3365.065256047664,
            "rmse": 58.009182514905895,
            "mae": 53.42947415411668,
            "mape": 11.055761110254153,
            "r2": -5.052917685143426
        },
        "training_time": 1.140143632888794,
        "val_loss": null,
        "train_loss": null,
        "is_dl_model": false,
        "model_path": "models\\APL\\lightgbm_model.pkl"
    },
    "svr": {
        "name": "Support Vector Regression",
        "metrics": {
            "mse": 27024.777793670346,
            "rmse": 164.39214638683427,
            "mae": 162.81587853669686,
            "mape": 34.15865693823917,
            "r2": -47.610871706097335
        },
        "training_time": 0.07164645195007324,
        "val_loss": null,
        "train_loss": null,
        "is_dl_model": false,
        "model_path": "models\\APL\\svr_model.pkl"
    },
    "elastic_net": {
        "name": "Elastic Net Regression",
        "metrics": {
            "mse": 1741.475410846088,
            "rmse": 41.73098861572881,
            "mae": 31.0335214149568,
            "mape": 6.324410433468406,
            "r2": -2.132482288005708
        },
        "training_time": 0.0412755012512207,
        "val_loss": null,
        "train_loss": null,
        "is_dl_model": false,
        "model_path": "models\\APL\\elastic_net_model.pkl"
    }
}