{
    "lstm": {
        "name": "LSTM Network",
        "metrics": {
            "mse": 0.13356683349326115,
            "rmse": 0.3654679650711689,
            "mae": 0.29453346517350937,
            "mape": 3.505580306371455,
            "r2": 0.5772272382505472
        },
        "training_time": 28.027841329574585,
        "val_loss": 0.305686891078949,
        "train_loss": 1.073000431060791,
        "is_dl_model": true,
        "model_path": "models\\ANL\\lstm_model.keras"
    },
    "bilstm": {
        "name": "Bidirectional LSTM",
        "metrics": {
            "mse": 0.9393454517803126,
            "rmse": 0.9691983552298841,
            "mae": 0.8552451417181226,
            "mape": 10.131262782514423,
            "r2": -1.9732655967020922
        },
        "training_time": 27.564717054367065,
        "val_loss": 0.2728568911552429,
        "train_loss": 0.7359676957130432,
        "is_dl_model": true,
        "model_path": "models\\ANL\\bilstm_model.keras"
    },
    "gru": {
        "name": "GRU Network",
        "metrics": {
            "mse": 14.410830314605315,
            "rmse": 3.7961599432328077,
            "mae": 3.7782785911030237,
            "mape": 46.088141494735474,
            "r2": -44.613917556230824
        },
        "training_time": 17.596932888031006,
        "val_loss": 0.20311851799488068,
        "train_loss": 1.0738354921340942,
        "is_dl_model": true,
        "model_path": "models\\ANL\\gru_model.keras"
    },
    "cnn_lstm": {
        "name": "CNN-LSTM Hybrid",
        "metrics": {
            "mse": 16.287667452382163,
            "rmse": 4.035798242278987,
            "mae": 4.01714863565233,
            "mape": 48.95164301986144,
            "r2": -50.55458111274082
        },
        "training_time": 11.289668798446655,
        "val_loss": 0.1649499535560608,
        "train_loss": 1.441686987876892,
        "is_dl_model": true,
        "model_path": "models\\ANL\\cnn_lstm_model.keras"
    },
    "advanced": {
        "name": "Advanced Multi-Branch Model",
        "metrics": {
            "mse": 68.06577899328566,
            "rmse": 8.250198724472378,
            "mae": 8.228005008931893,
            "mape": 100.2686566140592,
            "r2": -214.44538125979545
        },
        "training_time": 45.73207449913025,
        "val_loss": 24.56108856201172,
        "train_loss": 25.727397918701172,
        "is_dl_model": true,
        "model_path": "models\\ANL\\advanced_model.keras"
    },
    "random_forest": {
        "name": "Random Forest",
        "metrics": {
            "mse": 0.2671982464472846,
            "rmse": 0.5169122231552322,
            "mae": 0.4341556969565266,
            "mape": 5.180625662542167,
            "r2": 0.154250066197543
        },
        "training_time": 25.50116539001465,
        "val_loss": null,
        "train_loss": null,
        "is_dl_model": false,
        "model_path": "models\\ANL\\random_forest_model.pkl"
    },
    "gradient_boosting": {
        "name": "Gradient Boosting",
        "metrics": {
            "mse": 0.29457318815645817,
            "rmse": 0.5427459701890546,
            "mae": 0.4776868268125485,
            "mape": 5.773961602104176,
            "r2": 0.06760146185145366
        },
        "training_time": 22.363414764404297,
        "val_loss": null,
        "train_loss": null,
        "is_dl_model": false,
        "model_path": "models\\ANL\\gradient_boosting_model.pkl"
    },
    "xgboost": {
        "name": "XGBoost",
        "metrics": {
            "mse": 0.36044855259333153,
            "rmse": 0.6003736774654028,
            "mae": 0.5282970110575358,
            "mape": 6.325864030769683,
            "r2": -0.1409107041244939
        },
        "training_time": 4.943559169769287,
        "val_loss": null,
        "train_loss": null,
        "is_dl_model": false,
        "model_path": "models\\ANL\\xgboost_model.pkl"
    },
    "lightgbm": {
        "name": "LightGBM",
        "metrics": {
            "mse": 0.383406821888775,
            "rmse": 0.6191985318851903,
            "mae": 0.535385836768874,
            "mape": 6.38869236185981,
            "r2": -0.21357942480291014
        },
        "training_time": 2.069042444229126,
        "val_loss": null,
        "train_loss": null,
        "is_dl_model": false,
        "model_path": "models\\ANL\\lightgbm_model.pkl"
    },
    "svr": {
        "name": "Support Vector Regression",
        "metrics": {
            "mse": 0.3289240282278266,
            "rmse": 0.5735189868067374,
            "mae": 0.5063075422744928,
            "mape": 6.081461930902514,
            "r2": -0.041127622649294926
        },
        "training_time": 0.05016779899597168,
        "val_loss": null,
        "train_loss": null,
        "is_dl_model": false,
        "model_path": "models\\ANL\\svr_model.pkl"
    },
    "elastic_net": {
        "name": "Elastic Net Regression",
        "metrics": {
            "mse": 0.5557336776859494,
            "rmse": 0.7454754708814699,
            "mae": 0.549545454545454,
            "mape": 6.339969919844101,
            "r2": -0.7590374464056073
        },
        "training_time": 0.0053484439849853516,
        "val_loss": null,
        "train_loss": null,
        "is_dl_model": false,
        "model_path": "models\\ANL\\elastic_net_model.pkl"
    }
}