{
    "lstm": {
        "name": "LSTM Network",
        "metrics": {
            "mse": 204.59445839778007,
            "rmse": 14.303651925217562,
            "mae": 13.707543678283692,
            "mape": 28.466177658019888,
            "r2": -11.200711767427487
        },
        "training_time": 11.641392946243286,
        "val_loss": 229.02731323242188,
        "train_loss": 40.92170333862305,
        "is_dl_model": true,
        "model_path": "models\\GTYR\\lstm_model.keras"
    },
    "bilstm": {
        "name": "Bidirectional LSTM",
        "metrics": {
            "mse": 138.79729102671268,
            "rmse": 11.781226210658748,
            "mae": 11.078076932695176,
            "mape": 22.86833187035705,
            "r2": -7.276987339628967
        },
        "training_time": 20.82313370704651,
        "val_loss": 199.3650665283203,
        "train_loss": 32.217437744140625,
        "is_dl_model": true,
        "model_path": "models\\GTYR\\bilstm_model.keras"
    },
    "gru": {
        "name": "GRU Network",
        "metrics": {
            "mse": 2030.984129471516,
            "rmse": 45.0664412780898,
            "mae": 44.899332353340256,
            "mape": 95.0900218990976,
            "r2": -120.11497135335148
        },
        "training_time": 13.579719543457031,
        "val_loss": 229.76510620117188,
        "train_loss": 41.096519470214844,
        "is_dl_model": true,
        "model_path": "models\\GTYR\\gru_model.keras"
    },
    "cnn_lstm": {
        "name": "CNN-LSTM Hybrid",
        "metrics": {
            "mse": 1952.3086140525318,
            "rmse": 44.18493650615028,
            "mae": 44.0038161846002,
            "mape": 93.15506567499955,
            "r2": -115.4232641864127
        },
        "training_time": 9.63519287109375,
        "val_loss": 225.3657684326172,
        "train_loss": 36.92478561401367,
        "is_dl_model": true,
        "model_path": "models\\GTYR\\cnn_lstm_model.keras"
    },
    "advanced": {
        "name": "Advanced Multi-Branch Model",
        "metrics": {
            "mse": 2217.708178768663,
            "rmse": 47.09254907911296,
            "mae": 46.917717717910804,
            "mape": 99.36388413666519,
            "r2": -131.250005622423
        },
        "training_time": 32.43015646934509,
        "val_loss": 1579.0672607421875,
        "train_loss": 862.61669921875,
        "is_dl_model": true,
        "model_path": "models\\GTYR\\advanced_model.keras"
    },
    "random_forest": {
        "name": "Random Forest",
        "metrics": {
            "mse": 102.89872724206754,
            "rmse": 10.143900987394717,
            "mae": 9.332588064876603,
            "mape": 19.16399177743556,
            "r2": -5.136225399979976
        },
        "training_time": 20.540940284729004,
        "val_loss": null,
        "train_loss": null,
        "is_dl_model": false,
        "model_path": "models\\GTYR\\random_forest_model.pkl"
    },
    "gradient_boosting": {
        "name": "Gradient Boosting",
        "metrics": {
            "mse": 92.11678396206986,
            "rmse": 9.597748900761566,
            "mae": 8.672006889772964,
            "mape": 17.755607348238208,
            "r2": -4.493258902831534
        },
        "training_time": 18.975254774093628,
        "val_loss": null,
        "train_loss": null,
        "is_dl_model": false,
        "model_path": "models\\GTYR\\gradient_boosting_model.pkl"
    },
    "xgboost": {
        "name": "XGBoost",
        "metrics": {
            "mse": 101.44965958524257,
            "rmse": 10.07222217711874,
            "mae": 9.146424975925022,
            "mape": 18.764216834784758,
            "r2": -5.0498122246140555
        },
        "training_time": 4.604852199554443,
        "val_loss": null,
        "train_loss": null,
        "is_dl_model": false,
        "model_path": "models\\GTYR\\xgboost_model.pkl"
    },
    "lightgbm": {
        "name": "LightGBM",
        "metrics": {
            "mse": 113.82049124649969,
            "rmse": 10.668668672636699,
            "mae": 9.872713638173321,
            "mape": 20.3235263152036,
            "r2": -5.787529915524896
        },
        "training_time": 0.9201834201812744,
        "val_loss": null,
        "train_loss": null,
        "is_dl_model": false,
        "model_path": "models\\GTYR\\lightgbm_model.pkl"
    },
    "svr": {
        "name": "Support Vector Regression",
        "metrics": {
            "mse": 200.9719552394186,
            "rmse": 14.1764577818092,
            "mae": 13.718144793493313,
            "mape": 28.661962122057627,
            "r2": -10.984688727224539
        },
        "training_time": 0.04587602615356445,
        "val_loss": null,
        "train_loss": null,
        "is_dl_model": false,
        "model_path": "models\\GTYR\\svr_model.pkl"
    },
    "elastic_net": {
        "name": "Elastic Net Regression",
        "metrics": {
            "mse": 188.48006981533678,
            "rmse": 13.728804384043674,
            "mae": 13.062472793783172,
            "mape": 27.067528208520297,
            "r2": -10.23975216010291
        },
        "training_time": 0.02078986167907715,
        "val_loss": null,
        "train_loss": null,
        "is_dl_model": false,
        "model_path": "models\\GTYR\\elastic_net_model.pkl"
    }
}