{
    "lstm": {
        "name": "LSTM Network",
        "metrics": {
            "mse": 1594.2978102168684,
            "rmse": 39.9286590084975,
            "mae": 36.57442235734728,
            "mape": 42.60965704627807,
            "r2": -5.164469758058723
        },
        "training_time": 24.943303108215332,
        "val_loss": 1596.8817138671875,
        "train_loss": 10.744997024536133,
        "is_dl_model": true,
        "model_path": "models\\CPHL\\lstm_model.keras"
    },
    "bilstm": {
        "name": "Bidirectional LSTM",
        "metrics": {
            "mse": 1441.2054614322628,
            "rmse": 37.963211948309414,
            "mae": 34.48562558280097,
            "mape": 39.96688668172349,
            "r2": -4.572526930172316
        },
        "training_time": 27.636688947677612,
        "val_loss": 1472.5767822265625,
        "train_loss": 7.672135353088379,
        "is_dl_model": true,
        "model_path": "models\\CPHL\\bilstm_model.keras"
    },
    "gru": {
        "name": "GRU Network",
        "metrics": {
            "mse": 6286.404713579915,
            "rmse": 79.28685082395387,
            "mae": 77.6662345805433,
            "mape": 95.43752492628835,
            "r2": -23.30684624631693
        },
        "training_time": 13.825739860534668,
        "val_loss": 3873.986083984375,
        "train_loss": 98.72852325439453,
        "is_dl_model": true,
        "model_path": "models\\CPHL\\gru_model.keras"
    },
    "cnn_lstm": {
        "name": "CNN-LSTM Hybrid",
        "metrics": {
            "mse": 6311.576800971939,
            "rmse": 79.44543285156132,
            "mae": 77.8173556637764,
            "mape": 95.61572055244383,
            "r2": -23.404175973850233
        },
        "training_time": 9.336201667785645,
        "val_loss": 2367.759521484375,
        "train_loss": 31.64579200744629,
        "is_dl_model": true,
        "model_path": "models\\CPHL\\cnn_lstm_model.keras"
    },
    "advanced": {
        "name": "Advanced Multi-Branch Model",
        "metrics": {
            "mse": 6320.64872590044,
            "rmse": 79.5025076705159,
            "mae": 77.93715968847275,
            "mape": 95.85285290666518,
            "r2": -23.439253238907455
        },
        "training_time": 32.50298476219177,
        "val_loss": 2948.893798828125,
        "train_loss": 304.19342041015625,
        "is_dl_model": true,
        "model_path": "models\\CPHL\\advanced_model.keras"
    },
    "random_forest": {
        "name": "Random Forest",
        "metrics": {
            "mse": 1628.4308270923602,
            "rmse": 40.353820477029934,
            "mae": 36.959923611111094,
            "mape": 43.06135333546306,
            "r2": -5.2964475785963145
        },
        "training_time": 19.98744487762451,
        "val_loss": null,
        "train_loss": null,
        "is_dl_model": false,
        "model_path": "models\\CPHL\\random_forest_model.pkl"
    },
    "gradient_boosting": {
        "name": "Gradient Boosting",
        "metrics": {
            "mse": 1526.3543098374778,
            "rmse": 39.06858469201921,
            "mae": 35.652495214893946,
            "mape": 41.43922305140093,
            "r2": -4.901761215990017
        },
        "training_time": 19.767457008361816,
        "val_loss": null,
        "train_loss": null,
        "is_dl_model": false,
        "model_path": "models\\CPHL\\gradient_boosting_model.pkl"
    },
    "xgboost": {
        "name": "XGBoost",
        "metrics": {
            "mse": 1506.607780081846,
            "rmse": 38.81504579517904,
            "mae": 35.51388040966458,
            "mape": 41.362017074045255,
            "r2": -4.82540980615609
        },
        "training_time": 4.488710641860962,
        "val_loss": null,
        "train_loss": null,
        "is_dl_model": false,
        "model_path": "models\\CPHL\\xgboost_model.pkl"
    },
    "lightgbm": {
        "name": "LightGBM",
        "metrics": {
            "mse": 1508.5827445414855,
            "rmse": 38.84047817086558,
            "mae": 35.56810666759593,
            "mape": 41.443310762815024,
            "r2": -4.8330461515155765
        },
        "training_time": 0.8636088371276855,
        "val_loss": null,
        "train_loss": null,
        "is_dl_model": false,
        "model_path": "models\\CPHL\\lightgbm_model.pkl"
    },
    "svr": {
        "name": "Support Vector Regression",
        "metrics": {
            "mse": 3580.3282638454384,
            "rmse": 59.835844306280485,
            "mae": 56.16836953867875,
            "mape": 66.56101946232246,
            "r2": -12.843602597306369
        },
        "training_time": 0.05206608772277832,
        "val_loss": null,
        "train_loss": null,
        "is_dl_model": false,
        "model_path": "models\\CPHL\\svr_model.pkl"
    },
    "elastic_net": {
        "name": "Elastic Net Regression",
        "metrics": {
            "mse": 2657.0966886078095,
            "rmse": 51.54703375178643,
            "mae": 49.17732457117844,
            "mape": 59.002020762738425,
            "r2": -9.27385979971505
        },
        "training_time": 0.009688377380371094,
        "val_loss": null,
        "train_loss": null,
        "is_dl_model": false,
        "model_path": "models\\CPHL\\elastic_net_model.pkl"
    }
}