{
    "lstm": {
        "name": "LSTM Network",
        "metrics": {
            "mse": 0.6373164206682912,
            "rmse": 0.798321001019196,
            "mae": 0.705695175995698,
            "mape": 3.3700332997282985,
            "r2": -1.9823815536348026
        },
        "training_time": 15.58995795249939,
        "val_loss": 1.4348186254501343,
        "train_loss": 8.45982551574707,
        "is_dl_model": true,
        "model_path": "models\\IPAK\\lstm_model.keras"
    },
    "bilstm": {
        "name": "Bidirectional LSTM",
        "metrics": {
            "mse": 0.23848418526117082,
            "rmse": 0.4883484260865093,
            "mae": 0.37982433215991873,
            "mape": 1.7820150418440772,
            "r2": -0.11600895864368566
        },
        "training_time": 18.63324475288391,
        "val_loss": 2.1667683124542236,
        "train_loss": 4.801158905029297,
        "is_dl_model": true,
        "model_path": "models\\IPAK\\bilstm_model.keras"
    },
    "gru": {
        "name": "GRU Network",
        "metrics": {
            "mse": 371.1138080676591,
            "rmse": 19.26431436796179,
            "mae": 19.257527738648495,
            "mape": 90.97661967858339,
            "r2": -1735.6616324110362
        },
        "training_time": 12.400671482086182,
        "val_loss": 1.0292167663574219,
        "train_loss": 6.632862091064453,
        "is_dl_model": true,
        "model_path": "models\\IPAK\\gru_model.keras"
    },
    "cnn_lstm": {
        "name": "CNN-LSTM Hybrid",
        "metrics": {
            "mse": 364.22444673143224,
            "rmse": 19.084665224505045,
            "mae": 19.0771728921581,
            "mape": 90.11995129378363,
            "r2": -1703.4222243255792
        },
        "training_time": 8.33652377128601,
        "val_loss": 0.8923841118812561,
        "train_loss": 8.376577377319336,
        "is_dl_model": true,
        "model_path": "models\\IPAK\\cnn_lstm_model.keras"
    },
    "advanced": {
        "name": "Advanced Multi-Branch Model",
        "metrics": {
            "mse": 450.1534212039505,
            "rmse": 21.216819299884477,
            "mae": 21.21211400277208,
            "mape": 100.21901953204153,
            "r2": -2105.5348642617446
        },
        "training_time": 28.79615330696106,
        "val_loss": 390.4701843261719,
        "train_loss": 457.0638427734375,
        "is_dl_model": true,
        "model_path": "models\\IPAK\\advanced_model.keras"
    },
    "random_forest": {
        "name": "Random Forest",
        "metrics": {
            "mse": 2.528834514795702,
            "rmse": 1.5902309627207307,
            "mae": 1.5103570434632656,
            "mape": 7.1826029734839425,
            "r2": -10.83391666138653
        },
        "training_time": 8.153066396713257,
        "val_loss": null,
        "train_loss": null,
        "is_dl_model": false,
        "model_path": "models\\IPAK\\random_forest_model.pkl"
    },
    "gradient_boosting": {
        "name": "Gradient Boosting",
        "metrics": {
            "mse": 2.0117207005656423,
            "rmse": 1.4183514023561448,
            "mae": 1.3101627496791328,
            "mape": 6.234894730069182,
            "r2": -8.41403440090393
        },
        "training_time": 9.30455231666565,
        "val_loss": null,
        "train_loss": null,
        "is_dl_model": false,
        "model_path": "models\\IPAK\\gradient_boosting_model.pkl"
    },
    "xgboost": {
        "name": "XGBoost",
        "metrics": {
            "mse": 2.1794458886379977,
            "rmse": 1.4762946483131332,
            "mae": 1.3699892301817196,
            "mape": 6.517245979762562,
            "r2": -9.198920041324726
        },
        "training_time": 3.380685567855835,
        "val_loss": null,
        "train_loss": null,
        "is_dl_model": false,
        "model_path": "models\\IPAK\\xgboost_model.pkl"
    },
    "lightgbm": {
        "name": "LightGBM",
        "metrics": {
            "mse": 2.157355302831253,
            "rmse": 1.468793825841889,
            "mae": 1.3534101092460058,
            "mape": 6.443924157431711,
            "r2": -9.095545087404759
        },
        "training_time": 0.6409852504730225,
        "val_loss": null,
        "train_loss": null,
        "is_dl_model": false,
        "model_path": "models\\IPAK\\lightgbm_model.pkl"
    },
    "svr": {
        "name": "Support Vector Regression",
        "metrics": {
            "mse": 2.1431632798441487,
            "rmse": 1.4639546713761833,
            "mae": 1.3974271781102867,
            "mape": 6.647034932593892,
            "r2": -9.0291321939144
        },
        "training_time": 0.010293722152709961,
        "val_loss": null,
        "train_loss": null,
        "is_dl_model": false,
        "model_path": "models\\IPAK\\svr_model.pkl"
    },
    "elastic_net": {
        "name": "Elastic Net Regression",
        "metrics": {
            "mse": 2.173205082817193,
            "rmse": 1.474179460858546,
            "mae": 1.3998254504504508,
            "mape": 6.663917981934761,
            "r2": -9.169715609183676
        },
        "training_time": 0.0040166378021240234,
        "val_loss": null,
        "train_loss": null,
        "is_dl_model": false,
        "model_path": "models\\IPAK\\elastic_net_model.pkl"
    }
}