{
    "lstm": {
        "name": "LSTM Network",
        "metrics": {
            "mse": 7.710366801172417,
            "rmse": 2.776754724705158,
            "mae": 2.633203049235874,
            "mape": 17.999738653602037,
            "r2": -8.687708923332215
        },
        "training_time": 13.989095211029053,
        "val_loss": 13.330817222595215,
        "train_loss": 2.355546236038208,
        "is_dl_model": true,
        "model_path": "models\\GGL\\lstm_model.keras"
    },
    "bilstm": {
        "name": "Bidirectional LSTM",
        "metrics": {
            "mse": 4.992263275911408,
            "rmse": 2.2343373236625235,
            "mae": 2.0705109919442073,
            "mape": 14.092972003879323,
            "r2": -5.272541207548858
        },
        "training_time": 18.811445951461792,
        "val_loss": 7.923777103424072,
        "train_loss": 1.4358776807785034,
        "is_dl_model": true,
        "model_path": "models\\GGL\\bilstm_model.keras"
    },
    "gru": {
        "name": "GRU Network",
        "metrics": {
            "mse": 125.34439066990987,
            "rmse": 11.195730912714447,
            "mae": 11.161739614009857,
            "mape": 77.53921318947754,
            "r2": -156.48926131476415
        },
        "training_time": 13.409811019897461,
        "val_loss": 14.376606941223145,
        "train_loss": 2.9449615478515625,
        "is_dl_model": true,
        "model_path": "models\\GGL\\gru_model.keras"
    },
    "cnn_lstm": {
        "name": "CNN-LSTM Hybrid",
        "metrics": {
            "mse": 2.1270901233896584,
            "rmse": 1.4584547039211258,
            "mae": 1.250066606733534,
            "mape": 8.453495429412987,
            "r2": -1.672587504651585
        },
        "training_time": 10.02401089668274,
        "val_loss": 7.918585777282715,
        "train_loss": 2.436131715774536,
        "is_dl_model": true,
        "model_path": "models\\GGL\\cnn_lstm_model.keras"
    },
    "advanced": {
        "name": "Advanced Multi-Branch Model",
        "metrics": {
            "mse": 193.94554672014868,
            "rmse": 13.926433381169376,
            "mae": 13.89665361136198,
            "mape": 96.61106459703845,
            "r2": -242.6833489316787
        },
        "training_time": 32.481770753860474,
        "val_loss": 103.04767608642578,
        "train_loss": 54.76148986816406,
        "is_dl_model": true,
        "model_path": "models\\GGL\\advanced_model.keras"
    },
    "random_forest": {
        "name": "Random Forest",
        "metrics": {
            "mse": 11.508339716330868,
            "rmse": 3.3923943928044196,
            "mae": 3.200908808890964,
            "mape": 21.981186809309023,
            "r2": -13.459681132898151
        },
        "training_time": 20.178980588912964,
        "val_loss": null,
        "train_loss": null,
        "is_dl_model": false,
        "model_path": "models\\GGL\\random_forest_model.pkl"
    },
    "gradient_boosting": {
        "name": "Gradient Boosting",
        "metrics": {
            "mse": 10.679147208015106,
            "rmse": 3.2678964500141534,
            "mae": 3.026324886894834,
            "mape": 20.78051315154333,
            "r2": -12.417840210265346
        },
        "training_time": 19.76954174041748,
        "val_loss": null,
        "train_loss": null,
        "is_dl_model": false,
        "model_path": "models\\GGL\\gradient_boosting_model.pkl"
    },
    "xgboost": {
        "name": "XGBoost",
        "metrics": {
            "mse": 10.645072797071947,
            "rmse": 3.2626787762622214,
            "mae": 3.0731822866863676,
            "mape": 21.138266466484794,
            "r2": -12.375027334631318
        },
        "training_time": 4.572039365768433,
        "val_loss": null,
        "train_loss": null,
        "is_dl_model": false,
        "model_path": "models\\GGL\\xgboost_model.pkl"
    },
    "lightgbm": {
        "name": "LightGBM",
        "metrics": {
            "mse": 10.961503364129745,
            "rmse": 3.3108161175350324,
            "mae": 3.103373410278102,
            "mape": 21.336448553448996,
            "r2": -12.772607282142346
        },
        "training_time": 0.8096351623535156,
        "val_loss": null,
        "train_loss": null,
        "is_dl_model": false,
        "model_path": "models\\GGL\\lightgbm_model.pkl"
    },
    "svr": {
        "name": "Support Vector Regression",
        "metrics": {
            "mse": 10.972358215160021,
            "rmse": 3.31245501330358,
            "mae": 3.1923665282714007,
            "mape": 21.928597375286326,
            "r2": -12.786245885842945
        },
        "training_time": 0.04126548767089844,
        "val_loss": null,
        "train_loss": null,
        "is_dl_model": false,
        "model_path": "models\\GGL\\svr_model.pkl"
    },
    "elastic_net": {
        "name": "Elastic Net Regression",
        "metrics": {
            "mse": 17.917160906129617,
            "rmse": 4.232866747977027,
            "mae": 4.1377855477855485,
            "mape": 28.49660314143241,
            "r2": -21.51205994048136
        },
        "training_time": 0.0,
        "val_loss": null,
        "train_loss": null,
        "is_dl_model": false,
        "model_path": "models\\GGL\\elastic_net_model.pkl"
    }
}