{
    "lstm": {
        "name": "LSTM Network",
        "metrics": {
            "mse": 1027.6348995696367,
            "rmse": 32.05674499336507,
            "mae": 30.56151984320747,
            "mape": 17.785920758406405,
            "r2": -9.973738296883912
        },
        "training_time": 22.66205883026123,
        "val_loss": 1080.7449951171875,
        "train_loss": 1140.176513671875,
        "is_dl_model": true,
        "model_path": "models\\INIL\\lstm_model.keras"
    },
    "bilstm": {
        "name": "Bidirectional LSTM",
        "metrics": {
            "mse": 988.8686438250447,
            "rmse": 31.44628187600316,
            "mae": 29.925017895168725,
            "mape": 17.409344403740587,
            "r2": -9.55976759048869
        },
        "training_time": 26.405054092407227,
        "val_loss": 1027.4827880859375,
        "train_loss": 999.8675537109375,
        "is_dl_model": true,
        "model_path": "models\\INIL\\bilstm_model.keras"
    },
    "gru": {
        "name": "GRU Network",
        "metrics": {
            "mse": 26933.078057609408,
            "rmse": 164.11300392598207,
            "mae": 163.83788701746198,
            "mape": 96.73927396652446,
            "r2": -286.6085176335761
        },
        "training_time": 13.802442073822021,
        "val_loss": 3454.5556640625,
        "train_loss": 1990.5201416015625,
        "is_dl_model": true,
        "model_path": "models\\INIL\\gru_model.keras"
    },
    "cnn_lstm": {
        "name": "CNN-LSTM Hybrid",
        "metrics": {
            "mse": 27857.268905231747,
            "rmse": 166.9049696840443,
            "mae": 166.62953307085567,
            "mape": 98.39005092472325,
            "r2": -296.47761462748923
        },
        "training_time": 9.78191089630127,
        "val_loss": 3867.9775390625,
        "train_loss": 2167.282470703125,
        "is_dl_model": true,
        "model_path": "models\\INIL\\cnn_lstm_model.keras"
    },
    "advanced": {
        "name": "Advanced Multi-Branch Model",
        "metrics": {
            "mse": 28574.153874755328,
            "rmse": 169.0389123094305,
            "mae": 168.75963857582872,
            "mape": 99.64756677187782,
            "r2": -304.1329677571036
        },
        "training_time": 33.4100182056427,
        "val_loss": 22152.8515625,
        "train_loss": 18574.57421875,
        "is_dl_model": true,
        "model_path": "models\\INIL\\advanced_model.keras"
    },
    "random_forest": {
        "name": "Random Forest",
        "metrics": {
            "mse": 329.2749087663794,
            "rmse": 18.145933670284904,
            "mae": 14.96402942515434,
            "mape": 8.641114505604456,
            "r2": -2.5162066586545664
        },
        "training_time": 20.13052272796631,
        "val_loss": null,
        "train_loss": null,
        "is_dl_model": false,
        "model_path": "models\\INIL\\random_forest_model.pkl"
    },
    "gradient_boosting": {
        "name": "Gradient Boosting",
        "metrics": {
            "mse": 296.5967209343463,
            "rmse": 17.221983652713945,
            "mae": 14.182548904157446,
            "mape": 8.170815428764836,
            "r2": -2.1672482090774587
        },
        "training_time": 20.297836542129517,
        "val_loss": null,
        "train_loss": null,
        "is_dl_model": false,
        "model_path": "models\\INIL\\gradient_boosting_model.pkl"
    },
    "xgboost": {
        "name": "XGBoost",
        "metrics": {
            "mse": 344.8757792839451,
            "rmse": 18.570831410681244,
            "mae": 16.05872578938802,
            "mape": 9.328092036689949,
            "r2": -2.6828026650134738
        },
        "training_time": 4.9405224323272705,
        "val_loss": null,
        "train_loss": null,
        "is_dl_model": false,
        "model_path": "models\\INIL\\xgboost_model.pkl"
    },
    "lightgbm": {
        "name": "LightGBM",
        "metrics": {
            "mse": 240.79973969933428,
            "rmse": 15.51772340581357,
            "mae": 13.023643590499013,
            "mape": 7.528151930190891,
            "r2": -1.5714125965602213
        },
        "training_time": 0.887521505355835,
        "val_loss": null,
        "train_loss": null,
        "is_dl_model": false,
        "model_path": "models\\INIL\\lightgbm_model.pkl"
    },
    "svr": {
        "name": "Support Vector Regression",
        "metrics": {
            "mse": 359.7004156231083,
            "rmse": 18.965769576347498,
            "mae": 16.850471034881828,
            "mape": 9.720921376882503,
            "r2": -2.8411095496867964
        },
        "training_time": 0.058145999908447266,
        "val_loss": null,
        "train_loss": null,
        "is_dl_model": false,
        "model_path": "models\\INIL\\svr_model.pkl"
    },
    "elastic_net": {
        "name": "Elastic Net Regression",
        "metrics": {
            "mse": 172.49224709156124,
            "rmse": 13.133630385067232,
            "mae": 9.31994473064347,
            "mape": 5.289268054253854,
            "r2": -0.8419817958858242
        },
        "training_time": 0.05208873748779297,
        "val_loss": null,
        "train_loss": null,
        "is_dl_model": false,
        "model_path": "models\\INIL\\elastic_net_model.pkl"
    }
}