{
    "lstm": {
        "name": "LSTM Network",
        "metrics": {
            "mse": 14350.78781547557,
            "rmse": 119.79477374024115,
            "mae": 116.52502759297688,
            "mape": 31.200740740005894,
            "r2": -17.571202734457586
        },
        "training_time": 47.909950256347656,
        "val_loss": 14597.0244140625,
        "train_loss": 6109.9423828125,
        "is_dl_model": true,
        "model_path": "models\\ATBA\\lstm_model.keras"
    },
    "bilstm": {
        "name": "Bidirectional LSTM",
        "metrics": {
            "mse": 131813.67786079284,
            "rmse": 363.0615345375944,
            "mae": 362.00476718611185,
            "mape": 98.2800422016624,
            "r2": -169.57868642496857
        },
        "training_time": 29.115338563919067,
        "val_loss": 24348.837890625,
        "train_loss": 7756.36181640625,
        "is_dl_model": true,
        "model_path": "models\\ATBA\\bilstm_model.keras"
    },
    "gru": {
        "name": "GRU Network",
        "metrics": {
            "mse": 133268.88075188515,
            "rmse": 365.06010567012817,
            "mae": 364.02077838778496,
            "mape": 98.83436803163436,
            "r2": -171.46184909573856
        },
        "training_time": 18.78252673149109,
        "val_loss": 56704.21484375,
        "train_loss": 21423.0625,
        "is_dl_model": true,
        "model_path": "models\\ATBA\\gru_model.keras"
    },
    "cnn_lstm": {
        "name": "CNN-LSTM Hybrid",
        "metrics": {
            "mse": 133930.37098970104,
            "rmse": 365.9649860160136,
            "mae": 364.91622966859074,
            "mape": 99.07546430959704,
            "r2": -172.31787661640857
        },
        "training_time": 10.395496129989624,
        "val_loss": 58916.3125,
        "train_loss": 22302.12109375,
        "is_dl_model": true,
        "model_path": "models\\ATBA\\cnn_lstm_model.keras"
    },
    "advanced": {
        "name": "Advanced Multi-Branch Model",
        "metrics": {
            "mse": 135650.11466345782,
            "rmse": 368.3070928769331,
            "mae": 367.25530896004705,
            "mape": 99.71169599855301,
            "r2": -174.54337871617463
        },
        "training_time": 46.5007598400116,
        "val_loss": 115498.8515625,
        "train_loss": 64748.71484375,
        "is_dl_model": true,
        "model_path": "models\\ATBA\\advanced_model.keras"
    },
    "random_forest": {
        "name": "Random Forest",
        "metrics": {
            "mse": 973.4533460579745,
            "rmse": 31.20021387840113,
            "mae": 27.300573750343002,
            "mape": 7.55574547129538,
            "r2": -0.2597356796456576
        },
        "training_time": 25.46324324607849,
        "val_loss": null,
        "train_loss": null,
        "is_dl_model": false,
        "model_path": "models\\ATBA\\random_forest_model.pkl"
    },
    "gradient_boosting": {
        "name": "Gradient Boosting",
        "metrics": {
            "mse": 1012.5092564820467,
            "rmse": 31.819950604644983,
            "mae": 27.49774537505575,
            "mape": 7.612168766742204,
            "r2": -0.3102775202602961
        },
        "training_time": 23.162658214569092,
        "val_loss": null,
        "train_loss": null,
        "is_dl_model": false,
        "model_path": "models\\ATBA\\gradient_boosting_model.pkl"
    },
    "xgboost": {
        "name": "XGBoost",
        "metrics": {
            "mse": 943.6603371208514,
            "rmse": 30.719054951623292,
            "mae": 28.237791849772137,
            "mape": 7.720754527799209,
            "r2": -0.22118086187849917
        },
        "training_time": 7.0847578048706055,
        "val_loss": null,
        "train_loss": null,
        "is_dl_model": false,
        "model_path": "models\\ATBA\\xgboost_model.pkl"
    },
    "lightgbm": {
        "name": "LightGBM",
        "metrics": {
            "mse": 956.726417680063,
            "rmse": 30.930994450228447,
            "mae": 26.13422230777682,
            "mape": 7.2789687568955195,
            "r2": -0.23808953854001325
        },
        "training_time": 1.791135549545288,
        "val_loss": null,
        "train_loss": null,
        "is_dl_model": false,
        "model_path": "models\\ATBA\\lightgbm_model.pkl"
    },
    "svr": {
        "name": "Support Vector Regression",
        "metrics": {
            "mse": 7532.956468304105,
            "rmse": 86.79260606931967,
            "mae": 83.87140461045887,
            "mape": 22.41179335167788,
            "r2": -8.748319295185894
        },
        "training_time": 0.06199932098388672,
        "val_loss": null,
        "train_loss": null,
        "is_dl_model": false,
        "model_path": "models\\ATBA\\svr_model.pkl"
    },
    "elastic_net": {
        "name": "Elastic Net Regression",
        "metrics": {
            "mse": 411.2508853652574,
            "rmse": 20.279321619947186,
            "mae": 15.069091065432197,
            "mape": 4.2980361968910925,
            "r2": 0.46780457874184844
        },
        "training_time": 0.11219310760498047,
        "val_loss": null,
        "train_loss": null,
        "is_dl_model": false,
        "model_path": "models\\ATBA\\elastic_net_model.pkl"
    }
}