{
    "lstm": {
        "name": "LSTM Network",
        "metrics": {
            "mse": 43.722497082629815,
            "rmse": 6.61229892568612,
            "mae": 5.0110853852166075,
            "mape": 7.257762754214878,
            "r2": -1.0235789179831212
        },
        "training_time": 15.846005916595459,
        "val_loss": 47.41691589355469,
        "train_loss": 153.0038299560547,
        "is_dl_model": true,
        "model_path": "models\\ILP\\lstm_model.keras"
    },
    "bilstm": {
        "name": "Bidirectional LSTM",
        "metrics": {
            "mse": 30.496151687929462,
            "rmse": 5.522332087798548,
            "mae": 4.300229998694526,
            "mape": 6.282224757921558,
            "r2": -0.4114328721592224
        },
        "training_time": 23.43916344642639,
        "val_loss": 41.96080017089844,
        "train_loss": 122.8733901977539,
        "is_dl_model": true,
        "model_path": "models\\ILP\\bilstm_model.keras"
    },
    "gru": {
        "name": "GRU Network",
        "metrics": {
            "mse": 3740.3944759857677,
            "rmse": 61.158764506698205,
            "mae": 60.99967765278287,
            "mape": 93.35815825681446,
            "r2": -172.11416116606816
        },
        "training_time": 14.038297176361084,
        "val_loss": 45.5463752746582,
        "train_loss": 147.87506103515625,
        "is_dl_model": true,
        "model_path": "models\\ILP\\gru_model.keras"
    },
    "cnn_lstm": {
        "name": "CNN-LSTM Hybrid",
        "metrics": {
            "mse": 3854.127305524646,
            "rmse": 62.08161809686219,
            "mae": 61.91611756351259,
            "mape": 94.75453258990889,
            "r2": -177.37798120138072
        },
        "training_time": 9.230662822723389,
        "val_loss": 45.14948654174805,
        "train_loss": 160.36367797851562,
        "is_dl_model": true,
        "model_path": "models\\ILP\\cnn_lstm_model.keras"
    },
    "advanced": {
        "name": "Advanced Multi-Branch Model",
        "metrics": {
            "mse": 4186.475893974053,
            "rmse": 64.70298211036376,
            "mae": 64.54283859547643,
            "mape": 98.79259005830944,
            "r2": -192.75984733168588
        },
        "training_time": 33.08458638191223,
        "val_loss": 3193.642822265625,
        "train_loss": 3306.52685546875,
        "is_dl_model": true,
        "model_path": "models\\ILP\\advanced_model.keras"
    },
    "random_forest": {
        "name": "Random Forest",
        "metrics": {
            "mse": 15.12045528228148,
            "rmse": 3.8885029615883644,
            "mae": 3.1017922151449677,
            "mape": 4.750535776418781,
            "r2": 0.30019014051950954
        },
        "training_time": 21.700313568115234,
        "val_loss": null,
        "train_loss": null,
        "is_dl_model": false,
        "model_path": "models\\ILP\\random_forest_model.pkl"
    },
    "gradient_boosting": {
        "name": "Gradient Boosting",
        "metrics": {
            "mse": 10.621890414536413,
            "rmse": 3.259124179060444,
            "mae": 2.6967241989517707,
            "mape": 4.166217799968669,
            "r2": 0.5083941918650807
        },
        "training_time": 19.013046264648438,
        "val_loss": null,
        "train_loss": null,
        "is_dl_model": false,
        "model_path": "models\\ILP\\gradient_boosting_model.pkl"
    },
    "xgboost": {
        "name": "XGBoost",
        "metrics": {
            "mse": 12.402230438779675,
            "rmse": 3.521680059116625,
            "mae": 2.916366172366673,
            "mape": 4.4855401829799,
            "r2": 0.4259959122542052
        },
        "training_time": 4.776309251785278,
        "val_loss": null,
        "train_loss": null,
        "is_dl_model": false,
        "model_path": "models\\ILP\\xgboost_model.pkl"
    },
    "lightgbm": {
        "name": "LightGBM",
        "metrics": {
            "mse": 11.549786080486395,
            "rmse": 3.3984976210799966,
            "mae": 2.7692485295282725,
            "mape": 4.212612815579163,
            "r2": 0.4654490210035963
        },
        "training_time": 0.9733693599700928,
        "val_loss": null,
        "train_loss": null,
        "is_dl_model": false,
        "model_path": "models\\ILP\\lightgbm_model.pkl"
    },
    "svr": {
        "name": "Support Vector Regression",
        "metrics": {
            "mse": 16.02394680354455,
            "rmse": 4.002992231262078,
            "mae": 3.0453142687965684,
            "mape": 4.454803937728976,
            "r2": 0.2583744502685793
        },
        "training_time": 0.054395198822021484,
        "val_loss": null,
        "train_loss": null,
        "is_dl_model": false,
        "model_path": "models\\ILP\\svr_model.pkl"
    },
    "elastic_net": {
        "name": "Elastic Net Regression",
        "metrics": {
            "mse": 17.403217983924677,
            "rmse": 4.171716431389444,
            "mae": 3.5259898563672976,
            "mape": 5.330618125989478,
            "r2": 0.1945385701374842
        },
        "training_time": 0.046323537826538086,
        "val_loss": null,
        "train_loss": null,
        "is_dl_model": false,
        "model_path": "models\\ILP\\elastic_net_model.pkl"
    }
}