{
    "lstm": {
        "name": "LSTM Network",
        "metrics": {
            "mse": 0.06547531997690043,
            "rmse": 0.2558814568836523,
            "mae": 0.21337467021412318,
            "mape": 4.91051078763095,
            "r2": 0.6675790858796138
        },
        "training_time": 11.749924182891846,
        "val_loss": 0.10621144622564316,
        "train_loss": 0.28929051756858826,
        "is_dl_model": true,
        "model_path": "models\\CTM\\lstm_model.keras"
    },
    "bilstm": {
        "name": "Bidirectional LSTM",
        "metrics": {
            "mse": 0.05034817122701682,
            "rmse": 0.22438398166316778,
            "mae": 0.1856644034385681,
            "mape": 4.288377533603562,
            "r2": 0.7443802472522567
        },
        "training_time": 21.356518507003784,
        "val_loss": 0.1070874035358429,
        "train_loss": 0.2541828453540802,
        "is_dl_model": true,
        "model_path": "models\\CTM\\bilstm_model.keras"
    },
    "gru": {
        "name": "GRU Network",
        "metrics": {
            "mse": 0.04200363499399104,
            "rmse": 0.20494788360456676,
            "mae": 0.14992224229706655,
            "mape": 3.266098953731347,
            "r2": 0.7867458036706407
        },
        "training_time": 16.06683921813965,
        "val_loss": 0.1707307994365692,
        "train_loss": 0.3932420611381531,
        "is_dl_model": true,
        "model_path": "models\\CTM\\gru_model.keras"
    },
    "cnn_lstm": {
        "name": "CNN-LSTM Hybrid",
        "metrics": {
            "mse": 1.7162113526966225,
            "rmse": 1.3100425003398257,
            "mae": 1.285488904847039,
            "mape": 29.063132253288877,
            "r2": -7.71327619152482
        },
        "training_time": 9.74720573425293,
        "val_loss": 0.0966305360198021,
        "train_loss": 0.5083872079849243,
        "is_dl_model": true,
        "model_path": "models\\CTM\\cnn_lstm_model.keras"
    },
    "advanced": {
        "name": "Advanced Multi-Branch Model",
        "metrics": {
            "mse": 16.635409983879406,
            "rmse": 4.078652961932335,
            "mae": 4.063073195599848,
            "mape": 92.60453125061588,
            "r2": -83.45866618994074
        },
        "training_time": 33.41414737701416,
        "val_loss": 5.037200927734375,
        "train_loss": 2.9102466106414795,
        "is_dl_model": true,
        "model_path": "models\\CTM\\advanced_model.keras"
    },
    "random_forest": {
        "name": "Random Forest",
        "metrics": {
            "mse": 0.162216264848337,
            "rmse": 0.40276080351535826,
            "mae": 0.3112110714285714,
            "mape": 7.249377339419129,
            "r2": 0.17642129790120642
        },
        "training_time": 19.312115907669067,
        "val_loss": null,
        "train_loss": null,
        "is_dl_model": false,
        "model_path": "models\\CTM\\random_forest_model.pkl"
    },
    "gradient_boosting": {
        "name": "Gradient Boosting",
        "metrics": {
            "mse": 0.2057050228236337,
            "rmse": 0.45354715611900126,
            "mae": 0.34520530692098284,
            "mape": 8.004691364757793,
            "r2": -0.04437292937723414
        },
        "training_time": 18.87533187866211,
        "val_loss": null,
        "train_loss": null,
        "is_dl_model": false,
        "model_path": "models\\CTM\\gradient_boosting_model.pkl"
    },
    "xgboost": {
        "name": "XGBoost",
        "metrics": {
            "mse": 0.14570239383799877,
            "rmse": 0.38170982937042475,
            "mae": 0.28056265751520787,
            "mape": 6.444977631997377,
            "r2": 0.26026290568348975
        },
        "training_time": 4.254727363586426,
        "val_loss": null,
        "train_loss": null,
        "is_dl_model": false,
        "model_path": "models\\CTM\\xgboost_model.pkl"
    },
    "lightgbm": {
        "name": "LightGBM",
        "metrics": {
            "mse": 0.14918741754941037,
            "rmse": 0.3862478706082538,
            "mae": 0.32098859165918764,
            "mape": 7.47106323588526,
            "r2": 0.24256929581205455
        },
        "training_time": 0.8353760242462158,
        "val_loss": null,
        "train_loss": null,
        "is_dl_model": false,
        "model_path": "models\\CTM\\lightgbm_model.pkl"
    },
    "svr": {
        "name": "Support Vector Regression",
        "metrics": {
            "mse": 0.07286340431406296,
            "rmse": 0.26993222170401027,
            "mae": 0.21144482347166865,
            "mape": 4.868070944178124,
            "r2": 0.6300694753908902
        },
        "training_time": 0.04109025001525879,
        "val_loss": null,
        "train_loss": null,
        "is_dl_model": false,
        "model_path": "models\\CTM\\svr_model.pkl"
    },
    "elastic_net": {
        "name": "Elastic Net Regression",
        "metrics": {
            "mse": 1.0052195421128982,
            "rmse": 1.0026063744625295,
            "mae": 0.8990297202797201,
            "mape": 19.675545175305633,
            "r2": -4.1035412915696385
        },
        "training_time": 0.010282516479492188,
        "val_loss": null,
        "train_loss": null,
        "is_dl_model": false,
        "model_path": "models\\CTM\\elastic_net_model.pkl"
    }
}