{
    "lstm": {
        "name": "LSTM Network",
        "metrics": {
            "mse": 11391.887967822886,
            "rmse": 106.732787688802,
            "mae": 105.24550771925185,
            "mape": 30.779559540269407,
            "r2": -35.13178963290001
        },
        "training_time": 32.00556015968323,
        "val_loss": 11626.03515625,
        "train_loss": 2641.631591796875,
        "is_dl_model": true,
        "model_path": "models\\FEROZ\\lstm_model.keras"
    },
    "bilstm": {
        "name": "Bidirectional LSTM",
        "metrics": {
            "mse": 111701.4103583559,
            "rmse": 334.21760928825387,
            "mae": 333.7490631826719,
            "mape": 98.18208564176061,
            "r2": -353.28472191494626
        },
        "training_time": 18.39119243621826,
        "val_loss": 18739.833984375,
        "train_loss": 3425.54150390625,
        "is_dl_model": true,
        "model_path": "models\\FEROZ\\bilstm_model.keras"
    },
    "gru": {
        "name": "GRU Network",
        "metrics": {
            "mse": 114033.40811316721,
            "rmse": 337.6883298444991,
            "mae": 337.2262686114841,
            "mape": 99.20821977959,
            "r2": -360.6811475591619
        },
        "training_time": 13.764670610427856,
        "val_loss": 45798.1484375,
        "train_loss": 14953.4052734375,
        "is_dl_model": true,
        "model_path": "models\\FEROZ\\gru_model.keras"
    },
    "cnn_lstm": {
        "name": "CNN-LSTM Hybrid",
        "metrics": {
            "mse": 114027.22538249835,
            "rmse": 337.6791752277572,
            "mae": 337.21250349826283,
            "mape": 99.2028566161277,
            "r2": -360.66153771709577
        },
        "training_time": 9.793362140655518,
        "val_loss": 42306.046875,
        "train_loss": 13177.732421875,
        "is_dl_model": true,
        "model_path": "models\\FEROZ\\cnn_lstm_model.keras"
    },
    "advanced": {
        "name": "Advanced Multi-Branch Model",
        "metrics": {
            "mse": 115193.4308842421,
            "rmse": 339.40157761012557,
            "mae": 338.9374277869529,
            "mape": 99.71171652537566,
            "r2": -364.36040589213
        },
        "training_time": 32.73977041244507,
        "val_loss": 93191.453125,
        "train_loss": 54531.40625,
        "is_dl_model": true,
        "model_path": "models\\FEROZ\\advanced_model.keras"
    },
    "random_forest": {
        "name": "Random Forest",
        "metrics": {
            "mse": 284.76234601083183,
            "rmse": 16.874902844485707,
            "mae": 12.80248055555551,
            "mape": 3.661278411856217,
            "r2": 0.09681580344747776
        },
        "training_time": 20.81957769393921,
        "val_loss": null,
        "train_loss": null,
        "is_dl_model": false,
        "model_path": "models\\FEROZ\\random_forest_model.pkl"
    },
    "gradient_boosting": {
        "name": "Gradient Boosting",
        "metrics": {
            "mse": 299.31047527714765,
            "rmse": 17.300591760894992,
            "mae": 12.89551639511741,
            "mape": 3.698797847272109,
            "r2": 0.05067332489717158
        },
        "training_time": 20.491905450820923,
        "val_loss": null,
        "train_loss": null,
        "is_dl_model": false,
        "model_path": "models\\FEROZ\\gradient_boosting_model.pkl"
    },
    "xgboost": {
        "name": "XGBoost",
        "metrics": {
            "mse": 352.90233601376167,
            "rmse": 18.78569498351769,
            "mae": 15.541771460639104,
            "mape": 4.63980471927617,
            "r2": -0.11930463166634198
        },
        "training_time": 4.8564841747283936,
        "val_loss": null,
        "train_loss": null,
        "is_dl_model": false,
        "model_path": "models\\FEROZ\\xgboost_model.pkl"
    },
    "lightgbm": {
        "name": "LightGBM",
        "metrics": {
            "mse": 288.9754918810951,
            "rmse": 16.99927915769063,
            "mae": 13.077475215358907,
            "mape": 3.7795282896372857,
            "r2": 0.0834529174441172
        },
        "training_time": 0.808565616607666,
        "val_loss": null,
        "train_loss": null,
        "is_dl_model": false,
        "model_path": "models\\FEROZ\\lightgbm_model.pkl"
    },
    "svr": {
        "name": "Support Vector Regression",
        "metrics": {
            "mse": 8894.919424846415,
            "rmse": 94.31288048218236,
            "mae": 92.76862201480546,
            "mape": 27.111129484623586,
            "r2": -27.21212413323686
        },
        "training_time": 0.051277875900268555,
        "val_loss": null,
        "train_loss": null,
        "is_dl_model": false,
        "model_path": "models\\FEROZ\\svr_model.pkl"
    },
    "elastic_net": {
        "name": "Elastic Net Regression",
        "metrics": {
            "mse": 509.2966622340765,
            "rmse": 22.567602048823808,
            "mae": 16.90361035627933,
            "mape": 4.809205675588959,
            "r2": -0.6153424184434431
        },
        "training_time": 0.03065943717956543,
        "val_loss": null,
        "train_loss": null,
        "is_dl_model": false,
        "model_path": "models\\FEROZ\\elastic_net_model.pkl"
    }
}