{
    "lstm": {
        "name": "LSTM Network",
        "metrics": {
            "mse": 10174.47392178082,
            "rmse": 100.86859730253425,
            "mae": 70.52687042236329,
            "mape": 10.170286262456553,
            "r2": -0.5713939415150358
        },
        "training_time": 30.64816164970398,
        "val_loss": 365204.1875,
        "train_loss": 1538105.0,
        "is_dl_model": true,
        "model_path": "models\\MARI\\lstm_model.keras"
    },
    "bilstm": {
        "name": "Bidirectional LSTM",
        "metrics": {
            "mse": 166091.7584478743,
            "rmse": 407.54356631883456,
            "mae": 399.5232694837782,
            "mape": 63.2172775099209,
            "r2": -24.651997829769545
        },
        "training_time": 19.304189682006836,
        "val_loss": 479077.09375,
        "train_loss": 3246736.5,
        "is_dl_model": true,
        "model_path": "models\\MARI\\bilstm_model.keras"
    },
    "gru": {
        "name": "GRU Network",
        "metrics": {
            "mse": 260993.81296159275,
            "rmse": 510.8755356851537,
            "mae": 504.49881843990744,
            "mape": 80.23423426869572,
            "r2": -39.30912061043171
        },
        "training_time": 14.672109365463257,
        "val_loss": 560969.375,
        "train_loss": 3593804.75,
        "is_dl_model": true,
        "model_path": "models\\MARI\\gru_model.keras"
    },
    "cnn_lstm": {
        "name": "CNN-LSTM Hybrid",
        "metrics": {
            "mse": 258429.38715582123,
            "rmse": 508.35950581829513,
            "mae": 501.9533741633097,
            "mape": 79.82190707812893,
            "r2": -38.91305854318049
        },
        "training_time": 9.99621844291687,
        "val_loss": 558702.75,
        "train_loss": 3585826.0,
        "is_dl_model": true,
        "model_path": "models\\MARI\\cnn_lstm_model.keras"
    },
    "advanced": {
        "name": "Advanced Multi-Branch Model",
        "metrics": {
            "mse": 419544.384432164,
            "rmse": 647.7224594161947,
            "mae": 642.5503735038969,
            "mape": 102.59113191423172,
            "r2": -63.79642180634406
        },
        "training_time": 35.51253938674927,
        "val_loss": 668965.375,
        "train_loss": 3982546.5,
        "is_dl_model": true,
        "model_path": "models\\MARI\\advanced_model.keras"
    },
    "random_forest": {
        "name": "Random Forest",
        "metrics": {
            "mse": 759566.7067118739,
            "rmse": 871.5312425334355,
            "mae": 731.2808149801583,
            "mape": 124.14172032308358,
            "r2": -116.31107969606516
        },
        "training_time": 19.589030265808105,
        "val_loss": null,
        "train_loss": null,
        "is_dl_model": false,
        "model_path": "models\\MARI\\random_forest_model.pkl"
    },
    "gradient_boosting": {
        "name": "Gradient Boosting",
        "metrics": {
            "mse": 683843.5007611805,
            "rmse": 826.948305978784,
            "mae": 720.9222674032748,
            "mape": 121.33538361976504,
            "r2": -104.61602912364324
        },
        "training_time": 18.706185340881348,
        "val_loss": null,
        "train_loss": null,
        "is_dl_model": false,
        "model_path": "models\\MARI\\gradient_boosting_model.pkl"
    },
    "xgboost": {
        "name": "XGBoost",
        "metrics": {
            "mse": 702005.9878782821,
            "rmse": 837.8579759591014,
            "mae": 678.6480902269151,
            "mape": 116.14778639319776,
            "r2": -107.42112965641485
        },
        "training_time": 4.258447647094727,
        "val_loss": null,
        "train_loss": null,
        "is_dl_model": false,
        "model_path": "models\\MARI\\xgboost_model.pkl"
    },
    "lightgbm": {
        "name": "LightGBM",
        "metrics": {
            "mse": 906099.6980090557,
            "rmse": 951.8926924864251,
            "mae": 856.1006337317418,
            "mape": 144.27817785073353,
            "r2": -138.94232889151888
        },
        "training_time": 0.814375638961792,
        "val_loss": null,
        "train_loss": null,
        "is_dl_model": false,
        "model_path": "models\\MARI\\lightgbm_model.pkl"
    },
    "svr": {
        "name": "Support Vector Regression",
        "metrics": {
            "mse": 1305173.73307099,
            "rmse": 1142.4420042483514,
            "mae": 1139.2340472910446,
            "mape": 186.3103181133765,
            "r2": -200.5772129880641
        },
        "training_time": 0.053543806076049805,
        "val_loss": null,
        "train_loss": null,
        "is_dl_model": false,
        "model_path": "models\\MARI\\svr_model.pkl"
    },
    "elastic_net": {
        "name": "Elastic Net Regression",
        "metrics": {
            "mse": 103001.76122355272,
            "rmse": 320.9388745907119,
            "mae": 269.95069987160747,
            "mape": 45.72976498908432,
            "r2": -14.908079847310637
        },
        "training_time": 0.06380200386047363,
        "val_loss": null,
        "train_loss": null,
        "is_dl_model": false,
        "model_path": "models\\MARI\\elastic_net_model.pkl"
    }
}