{
    "lstm": {
        "name": "LSTM Network",
        "metrics": {
            "mse": 28.04917308564789,
            "rmse": 5.296147003780002,
            "mae": 5.111595124138726,
            "mape": 32.20493315580292,
            "r2": -13.123490206184472
        },
        "training_time": 9.631556510925293,
        "val_loss": 33.00899124145508,
        "train_loss": 2.278719425201416,
        "is_dl_model": true,
        "model_path": "models\\FFL\\lstm_model.keras"
    },
    "bilstm": {
        "name": "Bidirectional LSTM",
        "metrics": {
            "mse": 18.876374152746354,
            "rmse": 4.3446949435773226,
            "mae": 4.1357953649097015,
            "mape": 25.942961780448382,
            "r2": -8.504746705385053
        },
        "training_time": 19.361342191696167,
        "val_loss": 20.808128356933594,
        "train_loss": 1.110264539718628,
        "is_dl_model": true,
        "model_path": "models\\FFL\\bilstm_model.keras"
    },
    "gru": {
        "name": "GRU Network",
        "metrics": {
            "mse": 18.61705354156602,
            "rmse": 4.314748375231865,
            "mae": 4.091006222830878,
            "mape": 25.62892041729807,
            "r2": -8.37417201424946
        },
        "training_time": 15.056284189224243,
        "val_loss": 22.357738494873047,
        "train_loss": 1.982210636138916,
        "is_dl_model": true,
        "model_path": "models\\FFL\\gru_model.keras"
    },
    "cnn_lstm": {
        "name": "CNN-LSTM Hybrid",
        "metrics": {
            "mse": 160.75451899170707,
            "rmse": 12.678900543489844,
            "mae": 12.608382814592785,
            "mape": 80.60251763119248,
            "r2": -79.94409299149675
        },
        "training_time": 8.856239318847656,
        "val_loss": 30.74526023864746,
        "train_loss": 2.700115442276001,
        "is_dl_model": true,
        "model_path": "models\\FFL\\cnn_lstm_model.keras"
    },
    "advanced": {
        "name": "Advanced Multi-Branch Model",
        "metrics": {
            "mse": 242.33937895342206,
            "rmse": 15.567253417138877,
            "mae": 15.500360366904387,
            "mape": 99.20005902388883,
            "r2": -121.02419781753882
        },
        "training_time": 33.434484004974365,
        "val_loss": 112.60951232910156,
        "train_loss": 41.36195373535156,
        "is_dl_model": true,
        "model_path": "models\\FFL\\advanced_model.keras"
    },
    "random_forest": {
        "name": "Random Forest",
        "metrics": {
            "mse": 21.919216236078654,
            "rmse": 4.681796261701128,
            "mae": 4.4293536457061435,
            "mape": 27.997100339229803,
            "r2": -10.036897055475025
        },
        "training_time": 20.75245499610901,
        "val_loss": null,
        "train_loss": null,
        "is_dl_model": false,
        "model_path": "models\\FFL\\random_forest_model.pkl"
    },
    "gradient_boosting": {
        "name": "Gradient Boosting",
        "metrics": {
            "mse": 18.43848338248733,
            "rmse": 4.29400551728655,
            "mae": 3.942054774899562,
            "mape": 24.809511004197653,
            "r2": -8.284257281819963
        },
        "training_time": 20.047733545303345,
        "val_loss": null,
        "train_loss": null,
        "is_dl_model": false,
        "model_path": "models\\FFL\\gradient_boosting_model.pkl"
    },
    "xgboost": {
        "name": "XGBoost",
        "metrics": {
            "mse": 15.397152971525596,
            "rmse": 3.923920612286339,
            "mae": 3.6478982072406345,
            "mape": 22.912970586573962,
            "r2": -6.752868098194877
        },
        "training_time": 4.24432110786438,
        "val_loss": null,
        "train_loss": null,
        "is_dl_model": false,
        "model_path": "models\\FFL\\xgboost_model.pkl"
    },
    "lightgbm": {
        "name": "LightGBM",
        "metrics": {
            "mse": 19.41237346737943,
            "rmse": 4.40594751073812,
            "mae": 4.1998250805336035,
            "mape": 26.419943152947674,
            "r2": -8.774636339836178
        },
        "training_time": 0.803398847579956,
        "val_loss": null,
        "train_loss": null,
        "is_dl_model": false,
        "model_path": "models\\FFL\\lightgbm_model.pkl"
    },
    "svr": {
        "name": "Support Vector Regression",
        "metrics": {
            "mse": 31.57837843307286,
            "rmse": 5.619464247868551,
            "mae": 5.325185615064882,
            "mape": 33.45332464694861,
            "r2": -14.900537144708117
        },
        "training_time": 0.04169511795043945,
        "val_loss": null,
        "train_loss": null,
        "is_dl_model": false,
        "model_path": "models\\FFL\\svr_model.pkl"
    },
    "elastic_net": {
        "name": "Elastic Net Regression",
        "metrics": {
            "mse": 42.28303925565499,
            "rmse": 6.502540984542503,
            "mae": 6.347995337995338,
            "mape": 40.16919478499271,
            "r2": -20.290613059838194
        },
        "training_time": 0.010305404663085938,
        "val_loss": null,
        "train_loss": null,
        "is_dl_model": false,
        "model_path": "models\\FFL\\elastic_net_model.pkl"
    }
}