{
    "lstm": {
        "name": "LSTM Network",
        "metrics": {
            "mse": 57.3971390822978,
            "rmse": 7.576089960018809,
            "mae": 7.1445412381490065,
            "mape": 17.17574738883863,
            "r2": -7.998677450804221
        },
        "training_time": 16.725643634796143,
        "val_loss": 76.39299774169922,
        "train_loss": 28.040964126586914,
        "is_dl_model": true,
        "model_path": "models\\IBLHL\\lstm_model.keras"
    },
    "bilstm": {
        "name": "Bidirectional LSTM",
        "metrics": {
            "mse": 36.27868262187491,
            "rmse": 6.023178780500784,
            "mae": 5.487264925638835,
            "mape": 13.108377905443335,
            "r2": -4.687742777323098
        },
        "training_time": 20.240724563598633,
        "val_loss": 68.55159759521484,
        "train_loss": 19.5772647857666,
        "is_dl_model": true,
        "model_path": "models\\IBLHL\\bilstm_model.keras"
    },
    "gru": {
        "name": "GRU Network",
        "metrics": {
            "mse": 1245.330224048249,
            "rmse": 35.28923666003912,
            "mae": 35.22275242646535,
            "mape": 86.24170796599402,
            "r2": -194.24187416170636
        },
        "training_time": 13.78650426864624,
        "val_loss": 69.86597442626953,
        "train_loss": 27.41189956665039,
        "is_dl_model": true,
        "model_path": "models\\IBLHL\\gru_model.keras"
    },
    "cnn_lstm": {
        "name": "CNN-LSTM Hybrid",
        "metrics": {
            "mse": 1423.855415718428,
            "rmse": 37.7340087416965,
            "mae": 37.651988543801835,
            "mape": 92.15898899691582,
            "r2": -222.23091059049955
        },
        "training_time": 9.564734935760498,
        "val_loss": 70.2019271850586,
        "train_loss": 27.071325302124023,
        "is_dl_model": true,
        "model_path": "models\\IBLHL\\cnn_lstm_model.keras"
    },
    "advanced": {
        "name": "Advanced Multi-Branch Model",
        "metrics": {
            "mse": 1682.5834702046038,
            "rmse": 41.01930606683399,
            "mae": 40.94720845496075,
            "mape": 100.26591735664014,
            "r2": -262.79408755402267
        },
        "training_time": 31.735918760299683,
        "val_loss": 1153.482177734375,
        "train_loss": 874.37109375,
        "is_dl_model": true,
        "model_path": "models\\IBLHL\\advanced_model.keras"
    },
    "random_forest": {
        "name": "Random Forest",
        "metrics": {
            "mse": 36.63380879734169,
            "rmse": 6.052586950828686,
            "mae": 5.584346813913895,
            "mape": 13.687772752878807,
            "r2": -4.743419174412878
        },
        "training_time": 20.54497981071472,
        "val_loss": null,
        "train_loss": null,
        "is_dl_model": false,
        "model_path": "models\\IBLHL\\random_forest_model.pkl"
    },
    "gradient_boosting": {
        "name": "Gradient Boosting",
        "metrics": {
            "mse": 34.69374769861651,
            "rmse": 5.890139870887322,
            "mae": 5.3439643146917,
            "mape": 13.119075394265428,
            "r2": -4.439257950675769
        },
        "training_time": 19.664554595947266,
        "val_loss": null,
        "train_loss": null,
        "is_dl_model": false,
        "model_path": "models\\IBLHL\\gradient_boosting_model.pkl"
    },
    "xgboost": {
        "name": "XGBoost",
        "metrics": {
            "mse": 36.588156422426025,
            "rmse": 6.048814464209166,
            "mae": 5.530671632554796,
            "mape": 13.548998015546637,
            "r2": -4.736261831672498
        },
        "training_time": 4.717898368835449,
        "val_loss": null,
        "train_loss": null,
        "is_dl_model": false,
        "model_path": "models\\IBLHL\\xgboost_model.pkl"
    },
    "lightgbm": {
        "name": "LightGBM",
        "metrics": {
            "mse": 38.96437884835355,
            "rmse": 6.242145372254122,
            "mae": 5.78929161157909,
            "mape": 14.179501004532735,
            "r2": -5.10880407862369
        },
        "training_time": 0.8012120723724365,
        "val_loss": null,
        "train_loss": null,
        "is_dl_model": false,
        "model_path": "models\\IBLHL\\lightgbm_model.pkl"
    },
    "svr": {
        "name": "Support Vector Regression",
        "metrics": {
            "mse": 42.684303620029134,
            "rmse": 6.5333225559457215,
            "mae": 6.243616829768657,
            "mape": 15.072264191832469,
            "r2": -5.692010902113071
        },
        "training_time": 0.04152536392211914,
        "val_loss": null,
        "train_loss": null,
        "is_dl_model": false,
        "model_path": "models\\IBLHL\\svr_model.pkl"
    },
    "elastic_net": {
        "name": "Elastic Net Regression",
        "metrics": {
            "mse": 69.2745457852638,
            "rmse": 8.323133171184022,
            "mae": 7.938695258027323,
            "mape": 19.13061554074564,
            "r2": -9.860807751737195
        },
        "training_time": 0.0057828426361083984,
        "val_loss": null,
        "train_loss": null,
        "is_dl_model": false,
        "model_path": "models\\IBLHL\\elastic_net_model.pkl"
    }
}