{
    "lstm": {
        "name": "LSTM Network",
        "metrics": {
            "mse": 207.9236577683447,
            "rmse": 14.41955816827772,
            "mae": 13.664549865722657,
            "mape": 15.956937205808805,
            "r2": -8.803786409191108
        },
        "training_time": 18.85328984260559,
        "val_loss": 214.17185974121094,
        "train_loss": 160.35830688476562,
        "is_dl_model": true,
        "model_path": "models\\FCEPL\\lstm_model.keras"
    },
    "bilstm": {
        "name": "Bidirectional LSTM",
        "metrics": {
            "mse": 170.17219302727628,
            "rmse": 13.045006440292633,
            "mae": 12.20846126980252,
            "mape": 14.225640169442865,
            "r2": -7.023771085644359
        },
        "training_time": 22.250487804412842,
        "val_loss": 195.82518005371094,
        "train_loss": 112.67115020751953,
        "is_dl_model": true,
        "model_path": "models\\FCEPL\\bilstm_model.keras"
    },
    "gru": {
        "name": "GRU Network",
        "metrics": {
            "mse": 6281.263569191578,
            "rmse": 79.25442302604681,
            "mae": 79.12689025375578,
            "mape": 93.82565331975944,
            "r2": -295.16719459983887
        },
        "training_time": 13.413343667984009,
        "val_loss": 208.66915893554688,
        "train_loss": 160.4222412109375,
        "is_dl_model": true,
        "model_path": "models\\FCEPL\\gru_model.keras"
    },
    "cnn_lstm": {
        "name": "CNN-LSTM Hybrid",
        "metrics": {
            "mse": 6454.3224721274155,
            "rmse": 80.33879805005434,
            "mae": 80.2091453191969,
            "mape": 95.10807160754479,
            "r2": -303.3270766392466
        },
        "training_time": 9.10451054573059,
        "val_loss": 217.14674377441406,
        "train_loss": 141.00172424316406,
        "is_dl_model": true,
        "model_path": "models\\FCEPL\\cnn_lstm_model.keras"
    },
    "advanced": {
        "name": "Advanced Multi-Branch Model",
        "metrics": {
            "mse": 6995.116026318642,
            "rmse": 83.63681023519872,
            "mae": 83.51359615978267,
            "mape": 99.03999452011915,
            "r2": -328.8259763491827
        },
        "training_time": 30.706894874572754,
        "val_loss": 5826.3125,
        "train_loss": 4558.1630859375,
        "is_dl_model": true,
        "model_path": "models\\FCEPL\\advanced_model.keras"
    },
    "random_forest": {
        "name": "Random Forest",
        "metrics": {
            "mse": 47.59304943847283,
            "rmse": 6.898771589092716,
            "mae": 5.6992860304852355,
            "mape": 6.591870270888371,
            "r2": -1.2440548433247924
        },
        "training_time": 20.132254600524902,
        "val_loss": null,
        "train_loss": null,
        "is_dl_model": false,
        "model_path": "models\\FCEPL\\random_forest_model.pkl"
    },
    "gradient_boosting": {
        "name": "Gradient Boosting",
        "metrics": {
            "mse": 57.30938437446408,
            "rmse": 7.570296188027525,
            "mae": 6.017348239226133,
            "mape": 7.024892711473724,
            "r2": -1.7021887248417715
        },
        "training_time": 20.423163890838623,
        "val_loss": null,
        "train_loss": null,
        "is_dl_model": false,
        "model_path": "models\\FCEPL\\gradient_boosting_model.pkl"
    },
    "xgboost": {
        "name": "XGBoost",
        "metrics": {
            "mse": 65.0936940812307,
            "rmse": 8.068066316115075,
            "mae": 6.538550368414985,
            "mape": 7.578779744771472,
            "r2": -2.069225888997277
        },
        "training_time": 4.718660593032837,
        "val_loss": null,
        "train_loss": null,
        "is_dl_model": false,
        "model_path": "models\\FCEPL\\xgboost_model.pkl"
    },
    "lightgbm": {
        "name": "LightGBM",
        "metrics": {
            "mse": 55.823522913344654,
            "rmse": 7.471514097781296,
            "mae": 6.137442880359104,
            "mape": 7.12107284159646,
            "r2": -1.6321290281491847
        },
        "training_time": 0.9040074348449707,
        "val_loss": null,
        "train_loss": null,
        "is_dl_model": false,
        "model_path": "models\\FCEPL\\lightgbm_model.pkl"
    },
    "svr": {
        "name": "Support Vector Regression",
        "metrics": {
            "mse": 67.37829074649989,
            "rmse": 8.208428031389438,
            "mae": 7.106664135936777,
            "mape": 8.221625091924341,
            "r2": -2.1769466648716773
        },
        "training_time": 0.05084729194641113,
        "val_loss": null,
        "train_loss": null,
        "is_dl_model": false,
        "model_path": "models\\FCEPL\\svr_model.pkl"
    },
    "elastic_net": {
        "name": "Elastic Net Regression",
        "metrics": {
            "mse": 80.8008438199119,
            "rmse": 8.988928958441706,
            "mae": 8.00746673794064,
            "mape": 9.303436345301499,
            "r2": -2.809832046026208
        },
        "training_time": 0.020373821258544922,
        "val_loss": null,
        "train_loss": null,
        "is_dl_model": false,
        "model_path": "models\\FCEPL\\elastic_net_model.pkl"
    }
}