{
    "lstm": {
        "name": "LSTM Network",
        "metrics": {
            "mse": 4.109661699597085,
            "rmse": 2.027230055913015,
            "mae": 1.9784611463546753,
            "mape": 27.154860260044877,
            "r2": -23.24764890095497
        },
        "training_time": 9.461724519729614,
        "val_loss": 4.793783187866211,
        "train_loss": 0.3469018042087555,
        "is_dl_model": true,
        "model_path": "models\\CNERGY\\lstm_model.keras"
    },
    "bilstm": {
        "name": "Bidirectional LSTM",
        "metrics": {
            "mse": 3.3364723784419286,
            "rmse": 1.8266013189642474,
            "mae": 1.7672700815730624,
            "mape": 24.21625034767903,
            "r2": -18.685710580052298
        },
        "training_time": 19.52940344810486,
        "val_loss": 4.379392623901367,
        "train_loss": 0.2265649288892746,
        "is_dl_model": true,
        "model_path": "models\\CNERGY\\bilstm_model.keras"
    },
    "gru": {
        "name": "GRU Network",
        "metrics": {
            "mse": 2.430081572809772,
            "rmse": 1.5588718910833474,
            "mae": 1.485137230820126,
            "mape": 20.278193840059323,
            "r2": -13.337862599237484
        },
        "training_time": 14.243834495544434,
        "val_loss": 3.4402809143066406,
        "train_loss": 0.44213029742240906,
        "is_dl_model": true,
        "model_path": "models\\CNERGY\\gru_model.keras"
    },
    "cnn_lstm": {
        "name": "CNN-LSTM Hybrid",
        "metrics": {
            "mse": 1.9972234355220988,
            "rmse": 1.413231557644429,
            "mae": 1.340286956893073,
            "mape": 18.286179886854605,
            "r2": -10.783931666698223
        },
        "training_time": 9.788097620010376,
        "val_loss": 5.239083766937256,
        "train_loss": 0.5362952947616577,
        "is_dl_model": true,
        "model_path": "models\\CNERGY\\cnn_lstm_model.keras"
    },
    "advanced": {
        "name": "Advanced Multi-Branch Model",
        "metrics": {
            "mse": 54.39835115434216,
            "rmse": 7.375523788473749,
            "mae": 7.365425106215601,
            "mape": 102.17368341343034,
            "r2": -319.95880780422056
        },
        "training_time": 31.826578855514526,
        "val_loss": 19.79302215576172,
        "train_loss": 5.0605926513671875,
        "is_dl_model": true,
        "model_path": "models\\CNERGY\\advanced_model.keras"
    },
    "random_forest": {
        "name": "Random Forest",
        "metrics": {
            "mse": 5.894072233127779,
            "rmse": 2.4277710421552894,
            "mae": 2.378628779627459,
            "mape": 32.708019698118,
            "r2": -33.77595105206878
        },
        "training_time": 19.248308420181274,
        "val_loss": null,
        "train_loss": null,
        "is_dl_model": false,
        "model_path": "models\\CNERGY\\random_forest_model.pkl"
    },
    "gradient_boosting": {
        "name": "Gradient Boosting",
        "metrics": {
            "mse": 6.216689819929735,
            "rmse": 2.493329063707744,
            "mae": 2.454051351828574,
            "mape": 33.7975382736763,
            "r2": -35.67944543819164
        },
        "training_time": 18.022298336029053,
        "val_loss": null,
        "train_loss": null,
        "is_dl_model": false,
        "model_path": "models\\CNERGY\\gradient_boosting_model.pkl"
    },
    "xgboost": {
        "name": "XGBoost",
        "metrics": {
            "mse": 5.603477727078552,
            "rmse": 2.367166603152079,
            "mae": 2.31445140308804,
            "mape": 31.82132230691594,
            "r2": -32.06139786733367
        },
        "training_time": 4.097944259643555,
        "val_loss": null,
        "train_loss": null,
        "is_dl_model": false,
        "model_path": "models\\CNERGY\\xgboost_model.pkl"
    },
    "lightgbm": {
        "name": "LightGBM",
        "metrics": {
            "mse": 5.630149537791984,
            "rmse": 2.3727936146643653,
            "mae": 2.312475027596998,
            "mape": 31.763439589360804,
            "r2": -32.21876573578752
        },
        "training_time": 0.8629162311553955,
        "val_loss": null,
        "train_loss": null,
        "is_dl_model": false,
        "model_path": "models\\CNERGY\\lightgbm_model.pkl"
    },
    "svr": {
        "name": "Support Vector Regression",
        "metrics": {
            "mse": 7.751706301139911,
            "rmse": 2.784188625280247,
            "mae": 2.7359211303830033,
            "mape": 37.661233554018445,
            "r2": -44.736283546596724
        },
        "training_time": 0.04136848449707031,
        "val_loss": null,
        "train_loss": null,
        "is_dl_model": false,
        "model_path": "models\\CNERGY\\svr_model.pkl"
    },
    "elastic_net": {
        "name": "Elastic Net Regression",
        "metrics": {
            "mse": 9.115576151781394,
            "rmse": 3.019201244001697,
            "mae": 2.991001359751359,
            "mape": 41.26802925078029,
            "r2": -52.78332967893284
        },
        "training_time": 0.0016300678253173828,
        "val_loss": null,
        "train_loss": null,
        "is_dl_model": false,
        "model_path": "models\\CNERGY\\elastic_net_model.pkl"
    }
}