{
    "lstm": {
        "name": "LSTM Network",
        "metrics": {
            "mse": 21459.890439515922,
            "rmse": 146.49194667119392,
            "mae": 124.79638658311632,
            "mape": 29.510918351042076,
            "r2": -2.6013184966384015
        },
        "training_time": 40.9422504901886,
        "val_loss": 22203.1875,
        "train_loss": 846.0947875976562,
        "is_dl_model": true,
        "model_path": "models\\GAL\\lstm_model.keras"
    },
    "bilstm": {
        "name": "Bidirectional LSTM",
        "metrics": {
            "mse": 146615.29142382086,
            "rmse": 382.90376261382033,
            "mae": 375.05093213187325,
            "mape": 97.91172824682063,
            "r2": -23.604429476600167
        },
        "training_time": 18.563886404037476,
        "val_loss": 60680.875,
        "train_loss": 7526.83837890625,
        "is_dl_model": true,
        "model_path": "models\\GAL\\bilstm_model.keras"
    },
    "gru": {
        "name": "GRU Network",
        "metrics": {
            "mse": 149674.18820754284,
            "rmse": 386.8774847513652,
            "mae": 379.1143401092953,
            "mape": 99.02492188620658,
            "r2": -24.11776208645547
        },
        "training_time": 13.83478307723999,
        "val_loss": 78446.359375,
        "train_loss": 9109.5478515625,
        "is_dl_model": true,
        "model_path": "models\\GAL\\gru_model.keras"
    },
    "cnn_lstm": {
        "name": "CNN-LSTM Hybrid",
        "metrics": {
            "mse": 150196.56708087245,
            "rmse": 387.55201854831364,
            "mae": 379.79888317584994,
            "mape": 99.21094399205477,
            "r2": -24.205425753894843
        },
        "training_time": 9.918946981430054,
        "val_loss": 78966.8203125,
        "train_loss": 8922.947265625,
        "is_dl_model": true,
        "model_path": "models\\GAL\\cnn_lstm_model.keras"
    },
    "advanced": {
        "name": "Advanced Multi-Branch Model",
        "metrics": {
            "mse": 150748.72437233702,
            "rmse": 388.2637304363324,
            "mae": 380.5675589832995,
            "mape": 99.43401465312618,
            "r2": -24.29808672401534
        },
        "training_time": 32.14525890350342,
        "val_loss": 127535.28125,
        "train_loss": 25030.779296875,
        "is_dl_model": true,
        "model_path": "models\\GAL\\advanced_model.keras"
    },
    "random_forest": {
        "name": "Random Forest",
        "metrics": {
            "mse": 23605.682042052125,
            "rmse": 153.64140731603615,
            "mae": 132.24773157552715,
            "mape": 31.49621305916195,
            "r2": -2.9614172124228655
        },
        "training_time": 19.16752791404724,
        "val_loss": null,
        "train_loss": null,
        "is_dl_model": false,
        "model_path": "models\\GAL\\random_forest_model.pkl"
    },
    "gradient_boosting": {
        "name": "Gradient Boosting",
        "metrics": {
            "mse": 24489.7230977599,
            "rmse": 156.49192662166283,
            "mae": 134.99544112620447,
            "mape": 32.183271444893606,
            "r2": -3.1097736737329242
        },
        "training_time": 19.76358723640442,
        "val_loss": null,
        "train_loss": null,
        "is_dl_model": false,
        "model_path": "models\\GAL\\gradient_boosting_model.pkl"
    },
    "xgboost": {
        "name": "XGBoost",
        "metrics": {
            "mse": 26486.764706747,
            "rmse": 162.74754900380836,
            "mae": 139.92727580600317,
            "mape": 33.34947941327935,
            "r2": -3.444909722319572
        },
        "training_time": 4.842884302139282,
        "val_loss": null,
        "train_loss": null,
        "is_dl_model": false,
        "model_path": "models\\GAL\\xgboost_model.pkl"
    },
    "lightgbm": {
        "name": "LightGBM",
        "metrics": {
            "mse": 21978.217352295702,
            "rmse": 148.2505222665192,
            "mae": 126.46458450213095,
            "mape": 30.10902548879561,
            "r2": -2.688302179223381
        },
        "training_time": 0.8824584484100342,
        "val_loss": null,
        "train_loss": null,
        "is_dl_model": false,
        "model_path": "models\\GAL\\lightgbm_model.pkl"
    },
    "svr": {
        "name": "Support Vector Regression",
        "metrics": {
            "mse": 51357.60854184683,
            "rmse": 226.62217133777276,
            "mae": 210.23713987452714,
            "mape": 52.41377906104867,
            "r2": -7.618641651790252
        },
        "training_time": 0.06165647506713867,
        "val_loss": null,
        "train_loss": null,
        "is_dl_model": false,
        "model_path": "models\\GAL\\svr_model.pkl"
    },
    "elastic_net": {
        "name": "Elastic Net Regression",
        "metrics": {
            "mse": 4638.6390964984785,
            "rmse": 68.1075553554705,
            "mae": 58.1744194944433,
            "mape": 14.324862486147754,
            "r2": 0.22156094764168632
        },
        "training_time": 0.06189608573913574,
        "val_loss": null,
        "train_loss": null,
        "is_dl_model": false,
        "model_path": "models\\GAL\\elastic_net_model.pkl"
    }
}