{
    "lstm": {
        "name": "LSTM Network",
        "metrics": {
            "mse": 3.5800834191205877,
            "rmse": 1.8921108369016302,
            "mae": 1.6102206325531006,
            "mape": 6.725720152112406,
            "r2": -2.558137248628915
        },
        "training_time": 39.74877738952637,
        "val_loss": 4.142066478729248,
        "train_loss": 5.902806282043457,
        "is_dl_model": true,
        "model_path": "models\\BIPL\\lstm_model.keras"
    },
    "bilstm": {
        "name": "Bidirectional LSTM",
        "metrics": {
            "mse": 329.75657835270744,
            "rmse": 18.15920092825418,
            "mae": 18.12954225964016,
            "mape": 77.47423216710771,
            "r2": -326.7351466590692
        },
        "training_time": 30.078031301498413,
        "val_loss": 4.288023948669434,
        "train_loss": 4.800329685211182,
        "is_dl_model": true,
        "model_path": "models\\BIPL\\bilstm_model.keras"
    },
    "gru": {
        "name": "GRU Network",
        "metrics": {
            "mse": 344.32650397545865,
            "rmse": 18.556036860694654,
            "mae": 18.529404913319482,
            "mape": 79.19573939710195,
            "r2": -341.2157575831572
        },
        "training_time": 21.518425941467285,
        "val_loss": 15.011103630065918,
        "train_loss": 9.4132661819458,
        "is_dl_model": true,
        "model_path": "models\\BIPL\\gru_model.keras"
    },
    "cnn_lstm": {
        "name": "CNN-LSTM Hybrid",
        "metrics": {
            "mse": 411.77636172125756,
            "rmse": 20.292273448809464,
            "mae": 20.267011584440866,
            "mape": 86.63399537279665,
            "r2": -408.2521428188402
        },
        "training_time": 4.192207336425781,
        "val_loss": 17.899097442626953,
        "train_loss": 8.94170093536377,
        "is_dl_model": true,
        "model_path": "models\\BIPL\\cnn_lstm_model.keras"
    },
    "advanced": {
        "name": "Advanced Multi-Branch Model",
        "metrics": {
            "mse": 485.99943157839033,
            "rmse": 22.04539479298092,
            "mae": 22.022291173471345,
            "mape": 94.1533002556392,
            "r2": -482.02021988535796
        },
        "training_time": 39.86550807952881,
        "val_loss": 293.8734130859375,
        "train_loss": 184.26551818847656,
        "is_dl_model": true,
        "model_path": "models\\BIPL\\advanced_model.keras"
    },
    "random_forest": {
        "name": "Random Forest",
        "metrics": {
            "mse": 3.3901258425557166,
            "rmse": 1.8412294377821892,
            "mae": 1.5332132484224579,
            "mape": 6.406390040768377,
            "r2": -2.3693441257578356
        },
        "training_time": 26.023245096206665,
        "val_loss": null,
        "train_loss": null,
        "is_dl_model": false,
        "model_path": "models\\BIPL\\random_forest_model.pkl"
    },
    "gradient_boosting": {
        "name": "Gradient Boosting",
        "metrics": {
            "mse": 2.8137869912016416,
            "rmse": 1.6774346458809182,
            "mae": 1.3726459127222037,
            "mape": 5.734216817931332,
            "r2": -1.7965382732789372
        },
        "training_time": 22.423442125320435,
        "val_loss": null,
        "train_loss": null,
        "is_dl_model": false,
        "model_path": "models\\BIPL\\gradient_boosting_model.pkl"
    },
    "xgboost": {
        "name": "XGBoost",
        "metrics": {
            "mse": 4.756334914104424,
            "rmse": 2.1809023164975603,
            "mae": 1.9467322444915771,
            "mape": 8.181661931557436,
            "r2": -3.7271782368094373
        },
        "training_time": 3.5024590492248535,
        "val_loss": null,
        "train_loss": null,
        "is_dl_model": false,
        "model_path": "models\\BIPL\\xgboost_model.pkl"
    },
    "lightgbm": {
        "name": "LightGBM",
        "metrics": {
            "mse": 2.879488583715675,
            "rmse": 1.6969055906902055,
            "mae": 1.366832196856293,
            "mape": 5.702698056419905,
            "r2": -1.8618371102752684
        },
        "training_time": 0.7935671806335449,
        "val_loss": null,
        "train_loss": null,
        "is_dl_model": false,
        "model_path": "models\\BIPL\\lightgbm_model.pkl"
    },
    "svr": {
        "name": "Support Vector Regression",
        "metrics": {
            "mse": 8.728224080791067,
            "rmse": 2.9543567964602833,
            "mae": 2.518635396726623,
            "mape": 10.569994842029319,
            "r2": -7.674719435412269
        },
        "training_time": 0.044989824295043945,
        "val_loss": null,
        "train_loss": null,
        "is_dl_model": false,
        "model_path": "models\\BIPL\\svr_model.pkl"
    },
    "elastic_net": {
        "name": "Elastic Net Regression",
        "metrics": {
            "mse": 18.25273668118737,
            "rmse": 4.272322164957527,
            "mae": 4.156613909679906,
            "mape": 17.6334783521809,
            "r2": -17.14084608416789
        },
        "training_time": 0.020271778106689453,
        "val_loss": null,
        "train_loss": null,
        "is_dl_model": false,
        "model_path": "models\\BIPL\\elastic_net_model.pkl"
    }
}